--
-- PostgreSQL database dump
--

-- Dumped from database version 9.2.3
-- Dumped by pg_dump version 9.2.3
-- Started on 2015-10-06 17:09:21

SET statement_timeout = 0;
SET client_encoding = 'UTF8';
SET standard_conforming_strings = on;
SET check_function_bodies = false;
SET client_min_messages = warning;

DROP DATABASE klikdms1;
--
-- TOC entry 2877 (class 1262 OID 72719)
-- Name: klikdms1; Type: DATABASE; Schema: -; Owner: postgres
--

CREATE DATABASE klikdms1 WITH TEMPLATE = template0 ENCODING = 'UTF8' LC_COLLATE = 'Indonesian_Indonesia.1252' LC_CTYPE = 'Indonesian_Indonesia.1252';


ALTER DATABASE klikdms1 OWNER TO postgres;

\connect klikdms1

SET statement_timeout = 0;
SET client_encoding = 'UTF8';
SET standard_conforming_strings = on;
SET check_function_bodies = false;
SET client_min_messages = warning;

--
-- TOC entry 5 (class 2615 OID 2200)
-- Name: public; Type: SCHEMA; Schema: -; Owner: postgres
--

CREATE SCHEMA public;


ALTER SCHEMA public OWNER TO postgres;

--
-- TOC entry 2878 (class 0 OID 0)
-- Dependencies: 5
-- Name: SCHEMA public; Type: COMMENT; Schema: -; Owner: postgres
--

COMMENT ON SCHEMA public IS 'standard public schema';


--
-- TOC entry 290 (class 3079 OID 11727)
-- Name: plpgsql; Type: EXTENSION; Schema: -; Owner: 
--

CREATE EXTENSION IF NOT EXISTS plpgsql WITH SCHEMA pg_catalog;


--
-- TOC entry 2880 (class 0 OID 0)
-- Dependencies: 290
-- Name: EXTENSION plpgsql; Type: COMMENT; Schema: -; Owner: 
--

COMMENT ON EXTENSION plpgsql IS 'PL/pgSQL procedural language';


SET search_path = public, pg_catalog;

--
-- TOC entry 307 (class 1255 OID 74498)
-- Name: adjustment_stock(); Type: FUNCTION; Schema: public; Owner: postgres
--

CREATE FUNCTION adjustment_stock() RETURNS trigger
    LANGUAGE plpgsql
    AS $$DECLARE tgl timestamp;
DECLARE cbid VARCHAR(8);
DECLARE noslip VARCHAR(14);
DECLARE kodeBarang VARCHAR(50);
DECLARE jumlah decimal;
DECLARE stock decimal;
DECLARE qtyadjustment decimal;
DECLARE hpp numeric;
DECLARE debit numeric;
DECLARE totalhpp numeric;
DECLARE saldo numeric;
DECLARE totalsaldo numeric;
BEGIN

	SELECT adj_cbid INTO cbid FROM spa_adjustment WHERE adjid = NEW.dadj_adjid;
	SELECT inve_qty,inve_hpp,inve_saldo, inve_kode INTO jumlah,hpp,saldo,kodeBarang FROM spa_inventory WHERE inveid = NEW.dadj_inveid FOR UPDATE;
    
	qtyadjustment = NEW.dadj_plus-NEW.dadj_minus;
	debit = qtyadjustment * NEW.dadj_hpp;
	
	stock = jumlah + qtyadjustment;
	totalhpp = hpp;
	totalsaldo = saldo+debit;
	
	IF stock < 0 THEN
            RAISE EXCEPTION USING MESSAGE = 'Stock untuk kode barang ' || kodeBarang || ' tidak mencukupi, Stock saat ini = '||jumlah;
    ELSEIF stock > 0 THEN
		totalhpp = ((jumlah*hpp)+ debit) / (jumlah+qtyadjustment);
	ELSE
		totalsaldo = 0;
	END IF;
	
	UPDATE spa_inventory SET inve_qty = stock, inve_hpp = totalhpp,
	inve_saldo = totalsaldo WHERE inveid = NEW.dadj_inveid;


	INSERT INTO spa_kartu_stock(
	ks_tgl, ks_cbid, ks_notrans,ks_inveid, ks_in, ks_out, ks_total, ks_type, ks_harga, ks_hpp, ks_debit, ks_kredit, ks_saldo)
	VALUES(now(), cbid,NEW.dadj_adjid, NEW.dadj_inveid, NEW.dadj_plus,NEW.dadj_minus, stock,
	'AS',NEW.dadj_hpp, totalhpp, NEW.dadj_hpp*NEW.dadj_plus, NEW.dadj_hpp*NEW.dadj_minus, totalsaldo);
	RETURN NEW;
END;$$;


ALTER FUNCTION public.adjustment_stock() OWNER TO postgres;

--
-- TOC entry 304 (class 1255 OID 73994)
-- Name: kartu_stok_retur_beli(); Type: FUNCTION; Schema: public; Owner: postgres
--

CREATE FUNCTION kartu_stok_retur_beli() RETURNS trigger
    LANGUAGE plpgsql
    AS $$DECLARE tgl timestamp;
DECLARE cbid VARCHAR(8);
DECLARE noslip VARCHAR(14);
DECLARE kodeBarang VARCHAR(50);
DECLARE suppel VARCHAR(12);
DECLARE jumlah decimal;
DECLARE stock decimal;
DECLARE hpp numeric;
DECLARE kredit numeric;
DECLARE totalhpp numeric;
DECLARE saldo numeric;
BEGIN

	SELECT trbr_cbid, trbr_supid INTO cbid, suppel FROM spa_retbeli LEFT JOIN  spa_trbr ON trbrid = rb_trbrid WHERE rbid = NEW.detb_rbid;
	SELECT inve_qty,inve_hpp,inve_saldo,inve_kode INTO jumlah,hpp,saldo,kodeBarang FROM spa_inventory WHERE inveid = NEW.detb_inveid FOR UPDATE;
    
	kredit = NEW.detb_subtotal/1.1;
	
	
	stock = jumlah - NEW.detb_qty;
	if stock = 0 THEN
		saldo = kredit;
		totalhpp = 0;
    ELSE
		totalhpp = ((jumlah*hpp)- kredit) / (jumlah-NEW.detb_qty);
	END IF;
	IF stock < 0 THEN
            RAISE EXCEPTION USING MESSAGE = 'Stock untuk kode barang ' || kodeBarang || ' tidak mencukupi';
    END IF;
	
	UPDATE spa_inventory SET inve_qty = stock, inve_hpp = totalhpp, inve_saldo = (saldo-kredit) WHERE inveid = NEW.detb_inveid;


	INSERT INTO spa_kartu_stock(
	ks_tgl, ks_cbid, ks_notrans, ks_suppel,ks_inveid, ks_out, ks_total, ks_type, ks_harga, ks_hpp, ks_kredit, ks_saldo)
	VALUES(now(), cbid,NEW.detb_rbid, suppel, NEW.detb_inveid, NEW.detb_qty, stock,
	'RB',kredit/NEW.detb_qty, totalhpp, kredit,(saldo-kredit));
	RETURN NEW;
END;$$;


ALTER FUNCTION public.kartu_stok_retur_beli() OWNER TO postgres;

--
-- TOC entry 306 (class 1255 OID 74450)
-- Name: kartu_stok_retur_jual(); Type: FUNCTION; Schema: public; Owner: postgres
--

CREATE FUNCTION kartu_stok_retur_jual() RETURNS trigger
    LANGUAGE plpgsql
    AS $$DECLARE tgl timestamp;
DECLARE cbid VARCHAR(8);
DECLARE noslip VARCHAR(14);
DECLARE suppel VARCHAR(12);
DECLARE jumlah decimal;
DECLARE stock decimal;
DECLARE hpp numeric;
DECLARE debit numeric;
DECLARE totalhpp numeric;
DECLARE saldo numeric;
BEGIN

	SELECT rj_cbid, pelid INTO cbid, suppel FROM spa_retjual LEFT JOIN spa_nota ON notid = rj_notid LEFT JOIN spa_supply ON sppid = not_sppid LEFT JOIN ms_pelanggan ON pelid = spp_pelid WHERE rjid = NEW.det_rjid;
	SELECT inve_qty,inve_hpp,inve_saldo INTO jumlah,hpp,saldo FROM spa_inventory WHERE inveid = NEW.det_inveid FOR UPDATE;
    
	debit = NEW.det_subtotal_hpp;
	totalhpp = ((jumlah*hpp)+debit)/ (jumlah+NEW.det_qty);
	stock = jumlah + NEW.det_qty;
	
	UPDATE spa_inventory SET inve_qty = stock, inve_hpp = totalhpp,
	inve_saldo = (saldo+debit) WHERE inveid = NEW.det_inveid;


	INSERT INTO spa_kartu_stock(
	ks_tgl, ks_cbid, ks_notrans, ks_suppel,ks_inveid, ks_in, ks_total, ks_type, ks_harga, ks_hpp, ks_debit, ks_saldo)
	VALUES(now(), cbid,NEW.det_rjid, suppel, NEW.det_inveid, NEW.det_qty, stock,
	'RJ',debit/NEW.det_qty, totalhpp, NEW.det_subtotal_hpp,(saldo+debit));
	RETURN NEW;
END;$$;


ALTER FUNCTION public.kartu_stok_retur_jual() OWNER TO postgres;

--
-- TOC entry 305 (class 1255 OID 74013)
-- Name: kartu_stok_supply(); Type: FUNCTION; Schema: public; Owner: postgres
--

CREATE FUNCTION kartu_stok_supply() RETURNS trigger
    LANGUAGE plpgsql
    AS $$DECLARE tgl timestamp;
DECLARE cbid VARCHAR(8);
DECLARE noslip VARCHAR(14);
DECLARE kodeBarang VARCHAR(50);
DECLARE suppel VARCHAR(12);
DECLARE jumlah decimal;
DECLARE stock decimal;
DECLARE hpp numeric;
DECLARE kredit numeric;
DECLARE totalhpp numeric;
DECLARE saldo numeric;
BEGIN

	SELECT spp_cbid, spp_pelid INTO cbid, suppel FROM spa_supply WHERE sppid = NEW.dsupp_sppid;
	SELECT inve_qty,inve_hpp,inve_saldo,inve_kode INTO jumlah,hpp,saldo,kodeBarang FROM spa_inventory WHERE inveid = NEW.dsupp_inveid FOR UPDATE;
    
	kredit = NEW.dsupp_hpp;

	stock = jumlah - NEW.dsupp_qty;
	if stock = 0 THEN
		totalhpp = 0;
    ELSE
		totalhpp = NEW.dsupp_hpp;
	END IF;
	IF stock < 0 THEN
            RAISE EXCEPTION USING MESSAGE = 'Stock untuk kode barang ' || kodeBarang || ' tidak mencukupi, Stock saat ini = '||jumlah;
    END IF;
	
	UPDATE spa_inventory SET inve_qty = stock, inve_hpp = totalhpp, inve_saldo = (saldo-NEW.dsupp_subtotal_hpp) WHERE inveid = NEW.dsupp_inveid;


	INSERT INTO spa_kartu_stock(
	ks_tgl, ks_cbid, ks_notrans, ks_suppel,ks_inveid, ks_out, ks_total, ks_type, ks_harga, ks_hpp, ks_kredit, ks_saldo)
	VALUES(now(), cbid,NEW.dsupp_sppid, suppel, NEW.dsupp_inveid, NEW.dsupp_qty, stock,
	'SP',kredit, NEW.dsupp_hpp, NEW.dsupp_subtotal_hpp,(saldo-NEW.dsupp_subtotal_hpp));
	RETURN NEW;
END;$$;


ALTER FUNCTION public.kartu_stok_supply() OWNER TO postgres;

--
-- TOC entry 303 (class 1255 OID 73988)
-- Name: kartu_stok_trbr(); Type: FUNCTION; Schema: public; Owner: postgres
--

CREATE FUNCTION kartu_stok_trbr() RETURNS trigger
    LANGUAGE plpgsql
    AS $$DECLARE tgl timestamp;
DECLARE cbid VARCHAR(8);
DECLARE noslip VARCHAR(14);
DECLARE suppel VARCHAR(12);
DECLARE jumlah decimal;
DECLARE stock decimal;
DECLARE hpp numeric;
DECLARE debit numeric;
DECLARE totalhpp numeric;
DECLARE saldo numeric;
BEGIN

	SELECT trbr_cbid, trbr_supid INTO cbid, suppel FROM spa_trbr WHERE trbrid = NEW.dtr_trbrid;
	SELECT inve_qty,inve_hpp,inve_saldo INTO jumlah,hpp,saldo FROM spa_inventory WHERE inveid = NEW.dtr_inveid FOR UPDATE;
    
	debit = NEW.dtr_subtotal/1.1;
	totalhpp = ((jumlah*hpp)+debit)/ (jumlah+NEW.dtr_qty);
	stock = jumlah + NEW.dtr_qty;
	
	UPDATE spa_inventory SET inve_qty = stock, inve_hpp = totalhpp, inve_harga_beli = NEW.dtr_subtotal/NEW.dtr_qty,
	inve_saldo = (saldo+debit) WHERE inveid = NEW.dtr_inveid;


	INSERT INTO spa_kartu_stock(
	ks_tgl, ks_cbid, ks_notrans, ks_suppel,ks_inveid, ks_in, ks_total, ks_type, ks_harga, ks_hpp, ks_debit, ks_saldo)
	VALUES(now(), cbid,NEW.dtr_trbrid, suppel, NEW.dtr_inveid, NEW.dtr_qty, stock,
	'PB',debit/NEW.dtr_qty, totalhpp, debit,(saldo+debit));
	RETURN NEW;
END;$$;


ALTER FUNCTION public.kartu_stok_trbr() OWNER TO postgres;

SET default_tablespace = '';

SET default_with_oids = false;

--
-- TOC entry 239 (class 1259 OID 73263)
-- Name: ksr_dtrans; Type: TABLE; Schema: public; Owner: postgres; Tablespace: 
--

CREATE TABLE ksr_dtrans (
    dkst_kstid character varying(20),
    dkst_coa character varying(20),
    dkst_decrip character varying(50),
    dkst_debit numeric(18,2),
    dkst_kredit numeric(18,2),
    dkst_nota character varying(20),
    dkst_pelid character varying(12),
    dkst_supkode character varying(12),
    dkst_norangka character varying(20),
    dkst_bank character varying(12),
    dkst_ccid character varying(12),
    dkst_flag smallint
);


ALTER TABLE public.ksr_dtrans OWNER TO postgres;

--
-- TOC entry 2886 (class 0 OID 0)
-- Dependencies: 239
-- Name: COLUMN ksr_dtrans.dkst_bank; Type: COMMENT; Schema: public; Owner: postgres
--

COMMENT ON COLUMN ksr_dtrans.dkst_bank IS 'bank';


--
-- TOC entry 2887 (class 0 OID 0)
-- Dependencies: 239
-- Name: COLUMN ksr_dtrans.dkst_flag; Type: COMMENT; Schema: public; Owner: postgres
--

COMMENT ON COLUMN ksr_dtrans.dkst_flag IS '1=> active; 0 => not';


--
-- TOC entry 240 (class 1259 OID 73266)
-- Name: ksr_ledger; Type: TABLE; Schema: public; Owner: postgres; Tablespace: 
--

CREATE TABLE ksr_ledger (
    trlid integer NOT NULL,
    trl_cbid character varying(6),
    trl_nomer character varying(20),
    trl_coa character varying(20),
    trl_descrip character varying(80),
    trl_debit numeric(18,2) DEFAULT 0 NOT NULL,
    trl_kredit numeric(18,2) DEFAULT 0 NOT NULL,
    trl_croscoa character varying(20),
    trl_nota character varying(20),
    trl_pelid character varying(12),
    trl_ccid character varying(12),
    trl_supid character varying(12),
    trl_norangka character varying(20),
    trl_headstatus smallint,
    trl_name character varying,
    trl_trans character(1)
);


ALTER TABLE public.ksr_ledger OWNER TO postgres;

--
-- TOC entry 2888 (class 0 OID 0)
-- Dependencies: 240
-- Name: TABLE ksr_ledger; Type: COMMENT; Schema: public; Owner: postgres
--

COMMENT ON TABLE ksr_ledger IS 'transaction ledger';


--
-- TOC entry 2889 (class 0 OID 0)
-- Dependencies: 240
-- Name: COLUMN ksr_ledger.trl_headstatus; Type: COMMENT; Schema: public; Owner: postgres
--

COMMENT ON COLUMN ksr_ledger.trl_headstatus IS '1=>head; 0=>not';


--
-- TOC entry 2890 (class 0 OID 0)
-- Dependencies: 240
-- Name: COLUMN ksr_ledger.trl_name; Type: COMMENT; Schema: public; Owner: postgres
--

COMMENT ON COLUMN ksr_ledger.trl_name IS 'name transaction';


--
-- TOC entry 2891 (class 0 OID 0)
-- Dependencies: 240
-- Name: COLUMN ksr_ledger.trl_trans; Type: COMMENT; Schema: public; Owner: postgres
--

COMMENT ON COLUMN ksr_ledger.trl_trans IS 'I => IN; O=> OUT';


--
-- TOC entry 241 (class 1259 OID 73269)
-- Name: ksr_ledger_trlid_seq; Type: SEQUENCE; Schema: public; Owner: postgres
--

CREATE SEQUENCE ksr_ledger_trlid_seq
    START WITH 1
    INCREMENT BY 1
    NO MINVALUE
    NO MAXVALUE
    CACHE 1;


ALTER TABLE public.ksr_ledger_trlid_seq OWNER TO postgres;

--
-- TOC entry 2892 (class 0 OID 0)
-- Dependencies: 241
-- Name: ksr_ledger_trlid_seq; Type: SEQUENCE OWNED BY; Schema: public; Owner: postgres
--

ALTER SEQUENCE ksr_ledger_trlid_seq OWNED BY ksr_ledger.trlid;


--
-- TOC entry 244 (class 1259 OID 73299)
-- Name: ksr_saldo; Type: TABLE; Schema: public; Owner: postgres; Tablespace: 
--

CREATE TABLE ksr_saldo (
    sldid integer NOT NULL,
    sld_cbid character varying(6),
    sld_tahun numeric(4,0),
    sld_bulan numeric(2,0),
    sld_saldo numeric(18,2),
    sld_type smallint,
    sld_nota character varying(20)
);


ALTER TABLE public.ksr_saldo OWNER TO postgres;

--
-- TOC entry 2893 (class 0 OID 0)
-- Dependencies: 244
-- Name: COLUMN ksr_saldo.sld_type; Type: COMMENT; Schema: public; Owner: postgres
--

COMMENT ON COLUMN ksr_saldo.sld_type IS '1->Coa; 2; Piu Unit';


--
-- TOC entry 245 (class 1259 OID 73302)
-- Name: ksr_saldo_sldid_seq; Type: SEQUENCE; Schema: public; Owner: postgres
--

CREATE SEQUENCE ksr_saldo_sldid_seq
    START WITH 1
    INCREMENT BY 1
    NO MINVALUE
    NO MAXVALUE
    CACHE 1;


ALTER TABLE public.ksr_saldo_sldid_seq OWNER TO postgres;

--
-- TOC entry 2894 (class 0 OID 0)
-- Dependencies: 245
-- Name: ksr_saldo_sldid_seq; Type: SEQUENCE OWNED BY; Schema: public; Owner: postgres
--

ALTER SEQUENCE ksr_saldo_sldid_seq OWNED BY ksr_saldo.sldid;


--
-- TOC entry 238 (class 1259 OID 73258)
-- Name: ksr_trans; Type: TABLE; Schema: public; Owner: postgres; Tablespace: 
--

CREATE TABLE ksr_trans (
    kstid character varying(20) NOT NULL,
    kst_cbid character varying(6),
    kst_type character varying(3),
    kst_nomer character varying(20) NOT NULL,
    kst_coa character varying(20),
    kst_debit numeric(18,2),
    kst_kredit numeric(18,2),
    kst_trans character(1),
    kst_printed smallint,
    kst_printedon timestamp without time zone,
    kst_printedby character varying(20),
    kst_createby character varying(20) NOT NULL,
    kst_createon timestamp without time zone NOT NULL,
    kst_cancel smallint,
    kst_canceler character varying(20),
    kst_cancelon timestamp without time zone,
    kst_lastupdate timestamp without time zone
);


ALTER TABLE public.ksr_trans OWNER TO postgres;

--
-- TOC entry 2895 (class 0 OID 0)
-- Dependencies: 238
-- Name: TABLE ksr_trans; Type: COMMENT; Schema: public; Owner: postgres
--

COMMENT ON TABLE ksr_trans IS 'Transaksi Kasir';


--
-- TOC entry 2896 (class 0 OID 0)
-- Dependencies: 238
-- Name: COLUMN ksr_trans.kstid; Type: COMMENT; Schema: public; Owner: postgres
--

COMMENT ON COLUMN ksr_trans.kstid IS 'pk';


--
-- TOC entry 2897 (class 0 OID 0)
-- Dependencies: 238
-- Name: COLUMN ksr_trans.kst_type; Type: COMMENT; Schema: public; Owner: postgres
--

COMMENT ON COLUMN ksr_trans.kst_type IS 'Tipe Transaksi : KAS, BNK, CEK, KWI';


--
-- TOC entry 2898 (class 0 OID 0)
-- Dependencies: 238
-- Name: COLUMN ksr_trans.kst_coa; Type: COMMENT; Schema: public; Owner: postgres
--

COMMENT ON COLUMN ksr_trans.kst_coa IS 'coa transaction';


--
-- TOC entry 2899 (class 0 OID 0)
-- Dependencies: 238
-- Name: COLUMN ksr_trans.kst_trans; Type: COMMENT; Schema: public; Owner: postgres
--

COMMENT ON COLUMN ksr_trans.kst_trans IS 'I=> In;  O=> Out';


--
-- TOC entry 2900 (class 0 OID 0)
-- Dependencies: 238
-- Name: COLUMN ksr_trans.kst_printed; Type: COMMENT; Schema: public; Owner: postgres
--

COMMENT ON COLUMN ksr_trans.kst_printed IS '1=printed; 0=not printed';


--
-- TOC entry 2901 (class 0 OID 0)
-- Dependencies: 238
-- Name: COLUMN ksr_trans.kst_printedon; Type: COMMENT; Schema: public; Owner: postgres
--

COMMENT ON COLUMN ksr_trans.kst_printedon IS 'date time print document';


--
-- TOC entry 2902 (class 0 OID 0)
-- Dependencies: 238
-- Name: COLUMN ksr_trans.kst_printedby; Type: COMMENT; Schema: public; Owner: postgres
--

COMMENT ON COLUMN ksr_trans.kst_printedby IS 'username who prints document';


--
-- TOC entry 2903 (class 0 OID 0)
-- Dependencies: 238
-- Name: COLUMN ksr_trans.kst_createby; Type: COMMENT; Schema: public; Owner: postgres
--

COMMENT ON COLUMN ksr_trans.kst_createby IS 'username creator document';


--
-- TOC entry 2904 (class 0 OID 0)
-- Dependencies: 238
-- Name: COLUMN ksr_trans.kst_createon; Type: COMMENT; Schema: public; Owner: postgres
--

COMMENT ON COLUMN ksr_trans.kst_createon IS 'date time create document';


--
-- TOC entry 2905 (class 0 OID 0)
-- Dependencies: 238
-- Name: COLUMN ksr_trans.kst_cancel; Type: COMMENT; Schema: public; Owner: postgres
--

COMMENT ON COLUMN ksr_trans.kst_cancel IS '1=> batal; 0=> not';


--
-- TOC entry 2906 (class 0 OID 0)
-- Dependencies: 238
-- Name: COLUMN ksr_trans.kst_canceler; Type: COMMENT; Schema: public; Owner: postgres
--

COMMENT ON COLUMN ksr_trans.kst_canceler IS 'username who cancels transaction';


--
-- TOC entry 2907 (class 0 OID 0)
-- Dependencies: 238
-- Name: COLUMN ksr_trans.kst_cancelon; Type: COMMENT; Schema: public; Owner: postgres
--

COMMENT ON COLUMN ksr_trans.kst_cancelon IS 'datetime cancel transaction';


--
-- TOC entry 267 (class 1259 OID 73426)
-- Name: ms_aksesories; Type: TABLE; Schema: public; Owner: postgres; Tablespace: 
--

CREATE TABLE ms_aksesories (
    aksid integer NOT NULL,
    aks_nama character varying(50),
    aks_descrip character varying(50),
    aks_harga numeric(18,2),
    aks_status smallint,
    aks_hpp numeric(18,0)
);


ALTER TABLE public.ms_aksesories OWNER TO postgres;

--
-- TOC entry 2908 (class 0 OID 0)
-- Dependencies: 267
-- Name: TABLE ms_aksesories; Type: COMMENT; Schema: public; Owner: postgres
--

COMMENT ON TABLE ms_aksesories IS 'Master Data Aksesories';


--
-- TOC entry 2909 (class 0 OID 0)
-- Dependencies: 267
-- Name: COLUMN ms_aksesories.aks_nama; Type: COMMENT; Schema: public; Owner: postgres
--

COMMENT ON COLUMN ms_aksesories.aks_nama IS 'nama aksesories';


--
-- TOC entry 2910 (class 0 OID 0)
-- Dependencies: 267
-- Name: COLUMN ms_aksesories.aks_descrip; Type: COMMENT; Schema: public; Owner: postgres
--

COMMENT ON COLUMN ms_aksesories.aks_descrip IS 'deskripsi';


--
-- TOC entry 2911 (class 0 OID 0)
-- Dependencies: 267
-- Name: COLUMN ms_aksesories.aks_harga; Type: COMMENT; Schema: public; Owner: postgres
--

COMMENT ON COLUMN ms_aksesories.aks_harga IS 'harga jual aksesoris';


--
-- TOC entry 268 (class 1259 OID 73429)
-- Name: ms_aksesories_aksid_seq; Type: SEQUENCE; Schema: public; Owner: postgres
--

CREATE SEQUENCE ms_aksesories_aksid_seq
    START WITH 1
    INCREMENT BY 1
    NO MINVALUE
    NO MAXVALUE
    CACHE 1;


ALTER TABLE public.ms_aksesories_aksid_seq OWNER TO postgres;

--
-- TOC entry 2912 (class 0 OID 0)
-- Dependencies: 268
-- Name: ms_aksesories_aksid_seq; Type: SEQUENCE OWNED BY; Schema: public; Owner: postgres
--

ALTER SEQUENCE ms_aksesories_aksid_seq OWNED BY ms_aksesories.aksid;


--
-- TOC entry 242 (class 1259 OID 73288)
-- Name: ms_auto_jurnal; Type: TABLE; Schema: public; Owner: postgres; Tablespace: 
--

CREATE TABLE ms_auto_jurnal (
    atjid integer NOT NULL,
    atj_cbid character varying(6),
    atj_tipe_jurnal character varying(15),
    atj_nama_jurnal character varying(20),
    atj_coa character varying(20)
);


ALTER TABLE public.ms_auto_jurnal OWNER TO postgres;

--
-- TOC entry 2913 (class 0 OID 0)
-- Dependencies: 242
-- Name: TABLE ms_auto_jurnal; Type: COMMENT; Schema: public; Owner: postgres
--

COMMENT ON TABLE ms_auto_jurnal IS 'Master COA automatic jurnal';


--
-- TOC entry 243 (class 1259 OID 73291)
-- Name: ms_auto_jurnal_atjid_seq; Type: SEQUENCE; Schema: public; Owner: postgres
--

CREATE SEQUENCE ms_auto_jurnal_atjid_seq
    START WITH 1
    INCREMENT BY 1
    NO MINVALUE
    NO MAXVALUE
    CACHE 1;


ALTER TABLE public.ms_auto_jurnal_atjid_seq OWNER TO postgres;

--
-- TOC entry 2914 (class 0 OID 0)
-- Dependencies: 243
-- Name: ms_auto_jurnal_atjid_seq; Type: SEQUENCE OWNED BY; Schema: public; Owner: postgres
--

ALTER SEQUENCE ms_auto_jurnal_atjid_seq OWNED BY ms_auto_jurnal.atjid;


--
-- TOC entry 237 (class 1259 OID 73253)
-- Name: ms_bank; Type: TABLE; Schema: public; Owner: postgres; Tablespace: 
--

CREATE TABLE ms_bank (
    bankid character varying(12) NOT NULL,
    bank_name character varying(50),
    bank_flag integer
);


ALTER TABLE public.ms_bank OWNER TO postgres;

--
-- TOC entry 2915 (class 0 OID 0)
-- Dependencies: 237
-- Name: TABLE ms_bank; Type: COMMENT; Schema: public; Owner: postgres
--

COMMENT ON TABLE ms_bank IS 'Master data Bank';


--
-- TOC entry 2916 (class 0 OID 0)
-- Dependencies: 237
-- Name: COLUMN ms_bank.bank_flag; Type: COMMENT; Schema: public; Owner: postgres
--

COMMENT ON COLUMN ms_bank.bank_flag IS '1 => Active; 0 => Inactive';


--
-- TOC entry 170 (class 1259 OID 72720)
-- Name: ms_cabang; Type: TABLE; Schema: public; Owner: postgres; Tablespace: 
--

CREATE TABLE ms_cabang (
    cbid character varying(6) NOT NULL,
    cb_nama character varying(30),
    cb_compid character(4),
    cb_npwp character varying(30),
    cb_telpon character varying(20),
    cb_logo character varying(20),
    cb_fax character varying(20),
    cb_email character varying(50),
    cb_status smallint,
    cb_alamat text,
    cb_kotaid character varying(13)
);


ALTER TABLE public.ms_cabang OWNER TO postgres;

--
-- TOC entry 187 (class 1259 OID 72822)
-- Name: ms_car; Type: TABLE; Schema: public; Owner: postgres; Tablespace: 
--

CREATE TABLE ms_car (
    mscid character varying(12) NOT NULL,
    msc_nopol character varying(30),
    msc_norangka character varying(30),
    msc_nomesin character varying(30),
    msc_cbid character varying(6),
    msc_ctyid integer,
    msc_tahun integer,
    msc_pelid character(12),
    msc_inextern integer DEFAULT 2,
    msc_stnkexp date,
    msc_status character(1) DEFAULT 'B'::bpchar,
    msc_createon timestamp without time zone,
    msc_createby character varying(30) DEFAULT ''::character varying,
    msc_last_update timestamp without time zone,
    msc_warnaid integer DEFAULT 0,
    msc_fuel character varying(30) DEFAULT ''::character varying,
    msc_chasis character varying(20) DEFAULT ''::character varying,
    msc_vinlot character varying(20) DEFAULT ''::character varying,
    msc_bodyseri character varying(20) DEFAULT ''::character varying,
    msc_kondisi character(1) DEFAULT ''::bpchar,
    msc_jenis smallint DEFAULT 0
);


ALTER TABLE public.ms_car OWNER TO postgres;

--
-- TOC entry 2917 (class 0 OID 0)
-- Dependencies: 187
-- Name: COLUMN ms_car.msc_inextern; Type: COMMENT; Schema: public; Owner: postgres
--

COMMENT ON COLUMN ms_car.msc_inextern IS '1 = intern, 2 = extern';


--
-- TOC entry 2918 (class 0 OID 0)
-- Dependencies: 187
-- Name: COLUMN ms_car.msc_status; Type: COMMENT; Schema: public; Owner: postgres
--

COMMENT ON COLUMN ms_car.msc_status IS 'R = RETURN, B = BARU, J = JUAL';


--
-- TOC entry 188 (class 1259 OID 72869)
-- Name: ms_car_merk; Type: TABLE; Schema: public; Owner: postgres; Tablespace: 
--

CREATE TABLE ms_car_merk (
    merkid integer NOT NULL,
    merk_deskripsi character varying(30)
);


ALTER TABLE public.ms_car_merk OWNER TO postgres;

--
-- TOC entry 189 (class 1259 OID 72872)
-- Name: ms_car_merk_merkid_seq; Type: SEQUENCE; Schema: public; Owner: postgres
--

CREATE SEQUENCE ms_car_merk_merkid_seq
    START WITH 1
    INCREMENT BY 1
    NO MINVALUE
    NO MAXVALUE
    CACHE 1;


ALTER TABLE public.ms_car_merk_merkid_seq OWNER TO postgres;

--
-- TOC entry 2919 (class 0 OID 0)
-- Dependencies: 189
-- Name: ms_car_merk_merkid_seq; Type: SEQUENCE OWNED BY; Schema: public; Owner: postgres
--

ALTER SEQUENCE ms_car_merk_merkid_seq OWNED BY ms_car_merk.merkid;


--
-- TOC entry 190 (class 1259 OID 72881)
-- Name: ms_car_model; Type: TABLE; Schema: public; Owner: postgres; Tablespace: 
--

CREATE TABLE ms_car_model (
    modelid integer NOT NULL,
    model_merkid integer,
    model_deskripsi character varying(30)
);


ALTER TABLE public.ms_car_model OWNER TO postgres;

--
-- TOC entry 191 (class 1259 OID 72884)
-- Name: ms_car_model_modelid_seq; Type: SEQUENCE; Schema: public; Owner: postgres
--

CREATE SEQUENCE ms_car_model_modelid_seq
    START WITH 1
    INCREMENT BY 1
    NO MINVALUE
    NO MAXVALUE
    CACHE 1;


ALTER TABLE public.ms_car_model_modelid_seq OWNER TO postgres;

--
-- TOC entry 2920 (class 0 OID 0)
-- Dependencies: 191
-- Name: ms_car_model_modelid_seq; Type: SEQUENCE OWNED BY; Schema: public; Owner: postgres
--

ALTER SEQUENCE ms_car_model_modelid_seq OWNED BY ms_car_model.modelid;


--
-- TOC entry 192 (class 1259 OID 72892)
-- Name: ms_car_type; Type: TABLE; Schema: public; Owner: postgres; Tablespace: 
--

CREATE TABLE ms_car_type (
    ctyid integer NOT NULL,
    cty_modelid integer,
    cty_deskripsi character varying(30)
);


ALTER TABLE public.ms_car_type OWNER TO postgres;

--
-- TOC entry 193 (class 1259 OID 72895)
-- Name: ms_car_type_ctyid_seq; Type: SEQUENCE; Schema: public; Owner: postgres
--

CREATE SEQUENCE ms_car_type_ctyid_seq
    START WITH 1
    INCREMENT BY 1
    NO MINVALUE
    NO MAXVALUE
    CACHE 1;


ALTER TABLE public.ms_car_type_ctyid_seq OWNER TO postgres;

--
-- TOC entry 2921 (class 0 OID 0)
-- Dependencies: 193
-- Name: ms_car_type_ctyid_seq; Type: SEQUENCE OWNED BY; Schema: public; Owner: postgres
--

ALTER SEQUENCE ms_car_type_ctyid_seq OWNED BY ms_car_type.ctyid;


--
-- TOC entry 235 (class 1259 OID 73239)
-- Name: ms_coa; Type: TABLE; Schema: public; Owner: postgres; Tablespace: 
--

CREATE TABLE ms_coa (
    coaid character varying(20) NOT NULL,
    coa_cbid character varying(6),
    coa_kode character varying(20),
    coa_desc character varying(50),
    coa_level character(1),
    coa_type character varying(2),
    coa_flag smallint DEFAULT 1 NOT NULL
);


ALTER TABLE public.ms_coa OWNER TO postgres;

--
-- TOC entry 2922 (class 0 OID 0)
-- Dependencies: 235
-- Name: TABLE ms_coa; Type: COMMENT; Schema: public; Owner: postgres
--

COMMENT ON TABLE ms_coa IS 'Master Chart of Account';


--
-- TOC entry 2923 (class 0 OID 0)
-- Dependencies: 235
-- Name: COLUMN ms_coa.coaid; Type: COMMENT; Schema: public; Owner: postgres
--

COMMENT ON COLUMN ms_coa.coaid IS 'PK';


--
-- TOC entry 2924 (class 0 OID 0)
-- Dependencies: 235
-- Name: COLUMN ms_coa.coa_kode; Type: COMMENT; Schema: public; Owner: postgres
--

COMMENT ON COLUMN ms_coa.coa_kode IS 'chart of account';


--
-- TOC entry 2925 (class 0 OID 0)
-- Dependencies: 235
-- Name: COLUMN ms_coa.coa_desc; Type: COMMENT; Schema: public; Owner: postgres
--

COMMENT ON COLUMN ms_coa.coa_desc IS 'description of coa';


--
-- TOC entry 2926 (class 0 OID 0)
-- Dependencies: 235
-- Name: COLUMN ms_coa.coa_level; Type: COMMENT; Schema: public; Owner: postgres
--

COMMENT ON COLUMN ms_coa.coa_level IS 'D=> Detail; G=> General';


--
-- TOC entry 2927 (class 0 OID 0)
-- Dependencies: 235
-- Name: COLUMN ms_coa.coa_type; Type: COMMENT; Schema: public; Owner: postgres
--

COMMENT ON COLUMN ms_coa.coa_type IS 'AS => Asset; LI => Liability; IN => Increament; EX => Expend';


--
-- TOC entry 2928 (class 0 OID 0)
-- Dependencies: 235
-- Name: COLUMN ms_coa.coa_flag; Type: COMMENT; Schema: public; Owner: postgres
--

COMMENT ON COLUMN ms_coa.coa_flag IS '1 => Active; 0 => Inactive';


--
-- TOC entry 171 (class 1259 OID 72725)
-- Name: ms_company; Type: TABLE; Schema: public; Owner: postgres; Tablespace: 
--

CREATE TABLE ms_company (
    compid character(4) NOT NULL,
    comp_nama character varying(30),
    comp_alamat text,
    comp_status smallint DEFAULT 0
);


ALTER TABLE public.ms_company OWNER TO postgres;

--
-- TOC entry 2929 (class 0 OID 0)
-- Dependencies: 171
-- Name: COLUMN ms_company.comp_status; Type: COMMENT; Schema: public; Owner: postgres
--

COMMENT ON COLUMN ms_company.comp_status IS '0 = aktif
1 = not aktif';


--
-- TOC entry 236 (class 1259 OID 73248)
-- Name: ms_cost_center; Type: TABLE; Schema: public; Owner: postgres; Tablespace: 
--

CREATE TABLE ms_cost_center (
    ccid character varying(12) NOT NULL,
    cc_cbid character varying(6),
    cc_kode integer,
    cc_name character varying(20),
    cc_flag integer
);


ALTER TABLE public.ms_cost_center OWNER TO postgres;

--
-- TOC entry 2930 (class 0 OID 0)
-- Dependencies: 236
-- Name: TABLE ms_cost_center; Type: COMMENT; Schema: public; Owner: postgres
--

COMMENT ON TABLE ms_cost_center IS 'Master Cost Center';


--
-- TOC entry 2931 (class 0 OID 0)
-- Dependencies: 236
-- Name: COLUMN ms_cost_center.ccid; Type: COMMENT; Schema: public; Owner: postgres
--

COMMENT ON COLUMN ms_cost_center.ccid IS 'pk';


--
-- TOC entry 2932 (class 0 OID 0)
-- Dependencies: 236
-- Name: COLUMN ms_cost_center.cc_kode; Type: COMMENT; Schema: public; Owner: postgres
--

COMMENT ON COLUMN ms_cost_center.cc_kode IS 'cost center code';


--
-- TOC entry 2933 (class 0 OID 0)
-- Dependencies: 236
-- Name: COLUMN ms_cost_center.cc_flag; Type: COMMENT; Schema: public; Owner: postgres
--

COMMENT ON COLUMN ms_cost_center.cc_flag IS '1=>Active; 0=>Inactive';


--
-- TOC entry 180 (class 1259 OID 72784)
-- Name: ms_departemen; Type: TABLE; Schema: public; Owner: postgres; Tablespace: 
--

CREATE TABLE ms_departemen (
    deptid integer NOT NULL,
    dept_deskripsi character varying(30)
);


ALTER TABLE public.ms_departemen OWNER TO postgres;

--
-- TOC entry 181 (class 1259 OID 72787)
-- Name: ms_departemen_deptid_seq; Type: SEQUENCE; Schema: public; Owner: postgres
--

CREATE SEQUENCE ms_departemen_deptid_seq
    START WITH 1
    INCREMENT BY 1
    NO MINVALUE
    NO MAXVALUE
    CACHE 1;


ALTER TABLE public.ms_departemen_deptid_seq OWNER TO postgres;

--
-- TOC entry 2934 (class 0 OID 0)
-- Dependencies: 181
-- Name: ms_departemen_deptid_seq; Type: SEQUENCE OWNED BY; Schema: public; Owner: postgres
--

ALTER SEQUENCE ms_departemen_deptid_seq OWNED BY ms_departemen.deptid;


--
-- TOC entry 183 (class 1259 OID 72800)
-- Name: ms_group_cabang; Type: TABLE; Schema: public; Owner: postgres; Tablespace: 
--

CREATE TABLE ms_group_cabang (
    groupid integer NOT NULL,
    group_cbid character varying(6),
    group_krid character varying(12)
);


ALTER TABLE public.ms_group_cabang OWNER TO postgres;

--
-- TOC entry 184 (class 1259 OID 72803)
-- Name: ms_group_cabang_groupid_seq; Type: SEQUENCE; Schema: public; Owner: postgres
--

CREATE SEQUENCE ms_group_cabang_groupid_seq
    START WITH 1
    INCREMENT BY 1
    NO MINVALUE
    NO MAXVALUE
    CACHE 1;


ALTER TABLE public.ms_group_cabang_groupid_seq OWNER TO postgres;

--
-- TOC entry 2935 (class 0 OID 0)
-- Dependencies: 184
-- Name: ms_group_cabang_groupid_seq; Type: SEQUENCE OWNED BY; Schema: public; Owner: postgres
--

ALTER SEQUENCE ms_group_cabang_groupid_seq OWNED BY ms_group_cabang.groupid;


--
-- TOC entry 182 (class 1259 OID 72795)
-- Name: ms_jabatan; Type: TABLE; Schema: public; Owner: postgres; Tablespace: 
--

CREATE TABLE ms_jabatan (
    jabid character(6) NOT NULL,
    jab_deptid integer,
    jab_deskripsi character varying(30),
    jab_status smallint DEFAULT 0
);


ALTER TABLE public.ms_jabatan OWNER TO postgres;

--
-- TOC entry 250 (class 1259 OID 73331)
-- Name: ms_jenis_kendaraan; Type: TABLE; Schema: public; Owner: postgres; Tablespace: 
--

CREATE TABLE ms_jenis_kendaraan (
    jknid integer NOT NULL,
    jkn_nama character varying(30)
);


ALTER TABLE public.ms_jenis_kendaraan OWNER TO postgres;

--
-- TOC entry 251 (class 1259 OID 73334)
-- Name: ms_jenis_kendaraan_jknid_seq; Type: SEQUENCE; Schema: public; Owner: postgres
--

CREATE SEQUENCE ms_jenis_kendaraan_jknid_seq
    START WITH 1
    INCREMENT BY 1
    NO MINVALUE
    NO MAXVALUE
    CACHE 1;


ALTER TABLE public.ms_jenis_kendaraan_jknid_seq OWNER TO postgres;

--
-- TOC entry 2936 (class 0 OID 0)
-- Dependencies: 251
-- Name: ms_jenis_kendaraan_jknid_seq; Type: SEQUENCE OWNED BY; Schema: public; Owner: postgres
--

ALTER SEQUENCE ms_jenis_kendaraan_jknid_seq OWNED BY ms_jenis_kendaraan.jknid;


--
-- TOC entry 233 (class 1259 OID 73228)
-- Name: ms_karoseri; Type: TABLE; Schema: public; Owner: postgres; Tablespace: 
--

CREATE TABLE ms_karoseri (
    karoid character varying(10),
    karo_nama character varying(30),
    karo_alamat text,
    karo_kotaid character varying(13)
);


ALTER TABLE public.ms_karoseri OWNER TO postgres;

--
-- TOC entry 175 (class 1259 OID 72754)
-- Name: ms_karyawan; Type: TABLE; Schema: public; Owner: postgres; Tablespace: 
--

CREATE TABLE ms_karyawan (
    krid character varying(12) NOT NULL,
    kr_nik character varying(12),
    kr_nama character varying(40),
    kr_alamat text,
    kr_hp character varying(15),
    kr_jabid character varying(6),
    kr_nomor_ktp character varying(20),
    kr_cbid character varying(6),
    kr_username character varying(30),
    kr_password character varying(50),
    kr_atasan character varying(12),
    kr_status integer DEFAULT 0,
    kr_email character varying(30),
    kr_tempat_lahir character varying(40),
    kr_tgl_lahir date,
    kr_kotaid character varying(13),
    kr_agama character varying(15),
    kr_createon timestamp without time zone
);


ALTER TABLE public.ms_karyawan OWNER TO postgres;

--
-- TOC entry 2937 (class 0 OID 0)
-- Dependencies: 175
-- Name: COLUMN ms_karyawan.kr_atasan; Type: COMMENT; Schema: public; Owner: postgres
--

COMMENT ON COLUMN ms_karyawan.kr_atasan IS 'diisi krid atasan';


--
-- TOC entry 2938 (class 0 OID 0)
-- Dependencies: 175
-- Name: COLUMN ms_karyawan.kr_status; Type: COMMENT; Schema: public; Owner: postgres
--

COMMENT ON COLUMN ms_karyawan.kr_status IS '0 = aktif, 1 = non aktif';


--
-- TOC entry 179 (class 1259 OID 72779)
-- Name: ms_kota; Type: TABLE; Schema: public; Owner: postgres; Tablespace: 
--

CREATE TABLE ms_kota (
    kotaid character varying(13) NOT NULL,
    kota_propid character varying(13),
    kota_deskripsi character varying(45)
);


ALTER TABLE public.ms_kota OWNER TO postgres;

--
-- TOC entry 246 (class 1259 OID 73310)
-- Name: ms_leasing; Type: TABLE; Schema: public; Owner: postgres; Tablespace: 
--

CREATE TABLE ms_leasing (
    leasid character varying(12) NOT NULL,
    leas_nama character varying(25),
    leas_cbid character varying(6),
    leas_alamat character varying(50),
    leas_telp character varying(20),
    leas_kontak character varying(20)
);


ALTER TABLE public.ms_leasing OWNER TO postgres;

--
-- TOC entry 172 (class 1259 OID 72733)
-- Name: ms_menu; Type: TABLE; Schema: public; Owner: postgres; Tablespace: 
--

CREATE TABLE ms_menu (
    menuid integer NOT NULL,
    menu_nama character varying(20),
    menu_url character varying(50),
    menu_deskripsi character varying(50),
    menu_parent_id integer,
    menu_urut integer,
    menu_status integer DEFAULT 0,
    menu_icon character varying(50),
    menu_module smallint
);


ALTER TABLE public.ms_menu OWNER TO postgres;

--
-- TOC entry 2939 (class 0 OID 0)
-- Dependencies: 172
-- Name: COLUMN ms_menu.menu_status; Type: COMMENT; Schema: public; Owner: postgres
--

COMMENT ON COLUMN ms_menu.menu_status IS '0 = aktif, 1 = tidak aktif';


--
-- TOC entry 177 (class 1259 OID 72765)
-- Name: ms_pelanggan; Type: TABLE; Schema: public; Owner: postgres; Tablespace: 
--

CREATE TABLE ms_pelanggan (
    pelid character(12) NOT NULL,
    pel_nama character varying(30),
    pel_alamat text,
    pel_alamat_surat text,
    pel_hp character varying(15),
    pel_telpon character varying(15),
    pel_email character varying(30),
    pel_npwp character varying(20),
    pel_cbid character varying(6),
    pel_type character varying(10),
    pel_gender character(1),
    pel_tempat_lahir character varying(45),
    pel_tgl_lahir date,
    pel_kotaid character varying(13),
    pel_agama character varying(15),
    pel_fax character varying(20),
    pel_marital character varying(10),
    pel_nokontrak character varying(20),
    pel_nomor_id character varying(30),
    pel_status smallint DEFAULT 0
);


ALTER TABLE public.ms_pelanggan OWNER TO postgres;

--
-- TOC entry 2940 (class 0 OID 0)
-- Dependencies: 177
-- Name: COLUMN ms_pelanggan.pel_type; Type: COMMENT; Schema: public; Owner: postgres
--

COMMENT ON COLUMN ms_pelanggan.pel_type IS 'broker, fleet, gso, retail';


--
-- TOC entry 2941 (class 0 OID 0)
-- Dependencies: 177
-- Name: COLUMN ms_pelanggan.pel_status; Type: COMMENT; Schema: public; Owner: postgres
--

COMMENT ON COLUMN ms_pelanggan.pel_status IS '0 = aktif
1 = non aktif';


--
-- TOC entry 269 (class 1259 OID 73437)
-- Name: ms_peltype; Type: TABLE; Schema: public; Owner: postgres; Tablespace: 
--

CREATE TABLE ms_peltype (
    pltid integer NOT NULL,
    plt_nama character varying(20),
    plt_descrip character varying(50),
    plt_status smallint
);


ALTER TABLE public.ms_peltype OWNER TO postgres;

--
-- TOC entry 2942 (class 0 OID 0)
-- Dependencies: 269
-- Name: COLUMN ms_peltype.plt_status; Type: COMMENT; Schema: public; Owner: postgres
--

COMMENT ON COLUMN ms_peltype.plt_status IS '1=>active; 2 => not';


--
-- TOC entry 270 (class 1259 OID 73440)
-- Name: ms_peltype_pltid_seq; Type: SEQUENCE; Schema: public; Owner: postgres
--

CREATE SEQUENCE ms_peltype_pltid_seq
    START WITH 1
    INCREMENT BY 1
    NO MINVALUE
    NO MAXVALUE
    CACHE 1;


ALTER TABLE public.ms_peltype_pltid_seq OWNER TO postgres;

--
-- TOC entry 2943 (class 0 OID 0)
-- Dependencies: 270
-- Name: ms_peltype_pltid_seq; Type: SEQUENCE OWNED BY; Schema: public; Owner: postgres
--

ALTER SEQUENCE ms_peltype_pltid_seq OWNED BY ms_peltype.pltid;


--
-- TOC entry 178 (class 1259 OID 72774)
-- Name: ms_propinsi; Type: TABLE; Schema: public; Owner: postgres; Tablespace: 
--

CREATE TABLE ms_propinsi (
    propid character varying(13) NOT NULL,
    prop_deskripsi character varying(45)
);


ALTER TABLE public.ms_propinsi OWNER TO postgres;

--
-- TOC entry 173 (class 1259 OID 72742)
-- Name: ms_role; Type: TABLE; Schema: public; Owner: postgres; Tablespace: 
--

CREATE TABLE ms_role (
    roleid integer NOT NULL,
    role_nama character varying(30),
    role_status integer DEFAULT 0
);


ALTER TABLE public.ms_role OWNER TO postgres;

--
-- TOC entry 2944 (class 0 OID 0)
-- Dependencies: 173
-- Name: COLUMN ms_role.role_status; Type: COMMENT; Schema: public; Owner: postgres
--

COMMENT ON COLUMN ms_role.role_status IS '0 = aktif, 1 = non aktif';


--
-- TOC entry 174 (class 1259 OID 72751)
-- Name: ms_role_det; Type: TABLE; Schema: public; Owner: postgres; Tablespace: 
--

CREATE TABLE ms_role_det (
    roledet_roleid integer,
    roledet_menuid integer
);


ALTER TABLE public.ms_role_det OWNER TO postgres;

--
-- TOC entry 247 (class 1259 OID 73315)
-- Name: ms_segment; Type: TABLE; Schema: public; Owner: postgres; Tablespace: 
--

CREATE TABLE ms_segment (
    segid character varying(12) NOT NULL,
    seg_nama character varying(20)
);


ALTER TABLE public.ms_segment OWNER TO postgres;

--
-- TOC entry 185 (class 1259 OID 72811)
-- Name: ms_supplier; Type: TABLE; Schema: public; Owner: postgres; Tablespace: 
--

CREATE TABLE ms_supplier (
    supid character varying(12) NOT NULL,
    sup_nama character varying(30),
    sup_alamat text,
    sup_npwp character varying(20),
    sup_telpon character varying(20),
    sup_hp character varying,
    sup_cbid character varying(6),
    sup_fax character varying(20),
    sup_kotaid character varying(13),
    sup_createby character varying(30),
    sup_createon timestamp without time zone,
    sup_status smallint DEFAULT 0
);


ALTER TABLE public.ms_supplier OWNER TO postgres;

--
-- TOC entry 2945 (class 0 OID 0)
-- Dependencies: 185
-- Name: COLUMN ms_supplier.sup_status; Type: COMMENT; Schema: public; Owner: postgres
--

COMMENT ON COLUMN ms_supplier.sup_status IS '0 = aktif
1 = non aktif';


--
-- TOC entry 275 (class 1259 OID 73468)
-- Name: ms_type_jurnal; Type: TABLE; Schema: public; Owner: postgres; Tablespace: 
--

CREATE TABLE ms_type_jurnal (
    typeid character varying(5),
    type_deskripsi character varying(50)
);


ALTER TABLE public.ms_type_jurnal OWNER TO postgres;

--
-- TOC entry 176 (class 1259 OID 72762)
-- Name: ms_user_role; Type: TABLE; Schema: public; Owner: postgres; Tablespace: 
--

CREATE TABLE ms_user_role (
    userro_roleid integer,
    userro_krid character varying(12)
);


ALTER TABLE public.ms_user_role OWNER TO postgres;

--
-- TOC entry 197 (class 1259 OID 72937)
-- Name: ms_warna; Type: TABLE; Schema: public; Owner: postgres; Tablespace: 
--

CREATE TABLE ms_warna (
    warnaid integer NOT NULL,
    warna_deskripsi character varying(30)
);


ALTER TABLE public.ms_warna OWNER TO postgres;

--
-- TOC entry 198 (class 1259 OID 72940)
-- Name: ms_warna_warnaid_seq; Type: SEQUENCE; Schema: public; Owner: postgres
--

CREATE SEQUENCE ms_warna_warnaid_seq
    START WITH 1
    INCREMENT BY 1
    NO MINVALUE
    NO MAXVALUE
    CACHE 1;


ALTER TABLE public.ms_warna_warnaid_seq OWNER TO postgres;

--
-- TOC entry 2946 (class 0 OID 0)
-- Dependencies: 198
-- Name: ms_warna_warnaid_seq; Type: SEQUENCE OWNED BY; Schema: public; Owner: postgres
--

ALTER SEQUENCE ms_warna_warnaid_seq OWNED BY ms_warna.warnaid;


--
-- TOC entry 286 (class 1259 OID 74452)
-- Name: spa_adjustment; Type: TABLE; Schema: public; Owner: postgres; Tablespace: 
--

CREATE TABLE spa_adjustment (
    adjid character varying(12) NOT NULL,
    adj_nomer character varying(30) DEFAULT ''::character varying NOT NULL,
    adj_tgl date,
    adj_cbid character varying(6),
    adj_createon timestamp without time zone,
    adj_createby character varying(30)
);


ALTER TABLE public.spa_adjustment OWNER TO postgres;

--
-- TOC entry 220 (class 1259 OID 73130)
-- Name: spa_retbeli; Type: TABLE; Schema: public; Owner: postgres; Tablespace: 
--

CREATE TABLE spa_retbeli (
    rbid character varying(12) NOT NULL,
    rb_cbid character varying(12),
    rb_tgl date,
    rb_trbrid character varying(12),
    rb_total numeric(12,2),
    rb_createon timestamp without time zone,
    rb_createby character varying(30),
    rb_alasan text
);


ALTER TABLE public.spa_retbeli OWNER TO postgres;

--
-- TOC entry 218 (class 1259 OID 73122)
-- Name: spa_retjual; Type: TABLE; Schema: public; Owner: postgres; Tablespace: 
--

CREATE TABLE spa_retjual (
    rjid character varying(12) NOT NULL,
    rj_cbid character varying(6),
    rj_tgl date,
    rj_notid character varying(12),
    rj_total numeric(12,2),
    rj_total_hpp numeric(12,2),
    rj_createon timestamp without time zone,
    rj_createby character varying(30),
    rj_alasan text DEFAULT ''::text
);


ALTER TABLE public.spa_retjual OWNER TO postgres;

--
-- TOC entry 2947 (class 0 OID 0)
-- Dependencies: 218
-- Name: TABLE spa_retjual; Type: COMMENT; Schema: public; Owner: postgres
--

COMMENT ON TABLE spa_retjual IS 'digunakan untuk menyimpan retur penjualan sparepart';


--
-- TOC entry 2948 (class 0 OID 0)
-- Dependencies: 218
-- Name: COLUMN spa_retjual.rj_notid; Type: COMMENT; Schema: public; Owner: postgres
--

COMMENT ON COLUMN spa_retjual.rj_notid IS 'nomer nota faktur penjualan';


--
-- TOC entry 210 (class 1259 OID 73032)
-- Name: spa_supply; Type: TABLE; Schema: public; Owner: postgres; Tablespace: 
--

CREATE TABLE spa_supply (
    sppid character varying(12) NOT NULL,
    spp_cbid character varying(6),
    spp_noslip character varying(10),
    spp_tgl date,
    spp_woid character varying(12) DEFAULT ''::character varying,
    spp_pelid character varying(12) DEFAULT ''::character varying,
    spp_pay_method character varying(10) DEFAULT ''::character varying,
    spp_tagihan smallint DEFAULT 0,
    spp_tgl_tagihan timestamp without time zone,
    spp_status smallint DEFAULT 0,
    spp_tgl_batal timestamp without time zone,
    spp_inextern smallint DEFAULT 2,
    spp_kredit_term smallint DEFAULT 0,
    spp_jenis character varying(5) DEFAULT 'sp'::character varying,
    spp_print smallint DEFAULT 0,
    spp_total numeric(12,2) DEFAULT 0,
    spp_total_hpp numeric(12,2) DEFAULT 0,
    spp_createby character varying(30),
    spp_createon timestamp without time zone,
    spp_cetak_harga smallint DEFAULT 0,
    spp_faktur smallint DEFAULT 0,
    spp_alasan_batal text DEFAULT ''::text,
    spp_batalby character varying(40) DEFAULT ''::character varying
);


ALTER TABLE public.spa_supply OWNER TO postgres;

--
-- TOC entry 2949 (class 0 OID 0)
-- Dependencies: 210
-- Name: COLUMN spa_supply.spp_pay_method; Type: COMMENT; Schema: public; Owner: postgres
--

COMMENT ON COLUMN spa_supply.spp_pay_method IS 'tunai, kredit';


--
-- TOC entry 2950 (class 0 OID 0)
-- Dependencies: 210
-- Name: COLUMN spa_supply.spp_tagihan; Type: COMMENT; Schema: public; Owner: postgres
--

COMMENT ON COLUMN spa_supply.spp_tagihan IS 'digunakan untuk melihat supply ini sudah tagihan apa belum, 0 = belum tagihan, 1 = sudah tagihan';


--
-- TOC entry 2951 (class 0 OID 0)
-- Dependencies: 210
-- Name: COLUMN spa_supply.spp_status; Type: COMMENT; Schema: public; Owner: postgres
--

COMMENT ON COLUMN spa_supply.spp_status IS '0 = aktif, 1 = batal';


--
-- TOC entry 2952 (class 0 OID 0)
-- Dependencies: 210
-- Name: COLUMN spa_supply.spp_inextern; Type: COMMENT; Schema: public; Owner: postgres
--

COMMENT ON COLUMN spa_supply.spp_inextern IS '1 = intern, 2 = extern, 3 = group, 4 = cabang';


--
-- TOC entry 2953 (class 0 OID 0)
-- Dependencies: 210
-- Name: COLUMN spa_supply.spp_kredit_term; Type: COMMENT; Schema: public; Owner: postgres
--

COMMENT ON COLUMN spa_supply.spp_kredit_term IS 'jangka waktu kredit';


--
-- TOC entry 2954 (class 0 OID 0)
-- Dependencies: 210
-- Name: COLUMN spa_supply.spp_jenis; Type: COMMENT; Schema: public; Owner: postgres
--

COMMENT ON COLUMN spa_supply.spp_jenis IS 'untuk pengisian jenis supply : CONTOH : sp, ol, so, sm, ps ';


--
-- TOC entry 2955 (class 0 OID 0)
-- Dependencies: 210
-- Name: COLUMN spa_supply.spp_cetak_harga; Type: COMMENT; Schema: public; Owner: postgres
--

COMMENT ON COLUMN spa_supply.spp_cetak_harga IS '0 = tidak tampil
1 = tampilkan harga di cetakan';


--
-- TOC entry 2956 (class 0 OID 0)
-- Dependencies: 210
-- Name: COLUMN spa_supply.spp_faktur; Type: COMMENT; Schema: public; Owner: postgres
--

COMMENT ON COLUMN spa_supply.spp_faktur IS '0 = belum faktur, 1 = sudah faktur';


--
-- TOC entry 215 (class 1259 OID 73085)
-- Name: spa_trbr; Type: TABLE; Schema: public; Owner: postgres; Tablespace: 
--

CREATE TABLE spa_trbr (
    trbrid character varying(12) NOT NULL,
    trbr_faktur character varying(30),
    trbr_tgl date,
    trbr_cbid character varying(6),
    trbr_inc_pajak smallint DEFAULT 0,
    trbr_status smallint DEFAULT 0,
    trbr_total numeric(12,2),
    trbr_createon timestamp without time zone,
    trbr_createby character varying(30),
    trbr_pay_method character varying(10),
    trbr_kredit_term smallint DEFAULT 0,
    trbr_ppn numeric(10,2) DEFAULT 0,
    trbr_supid character varying(12)
);


ALTER TABLE public.spa_trbr OWNER TO postgres;

--
-- TOC entry 2957 (class 0 OID 0)
-- Dependencies: 215
-- Name: COLUMN spa_trbr.trbr_inc_pajak; Type: COMMENT; Schema: public; Owner: postgres
--

COMMENT ON COLUMN spa_trbr.trbr_inc_pajak IS '1 =  include(Ya), 2 = tidak include pajak (Tidak)';


--
-- TOC entry 2958 (class 0 OID 0)
-- Dependencies: 215
-- Name: COLUMN spa_trbr.trbr_status; Type: COMMENT; Schema: public; Owner: postgres
--

COMMENT ON COLUMN spa_trbr.trbr_status IS '0 = aktif, 1 = non aktif';


--
-- TOC entry 2959 (class 0 OID 0)
-- Dependencies: 215
-- Name: COLUMN spa_trbr.trbr_pay_method; Type: COMMENT; Schema: public; Owner: postgres
--

COMMENT ON COLUMN spa_trbr.trbr_pay_method IS 'tunai, kredit';


--
-- TOC entry 289 (class 1259 OID 74541)
-- Name: no_transaksi; Type: VIEW; Schema: public; Owner: postgres
--

CREATE VIEW no_transaksi AS
    (((SELECT spa_adjustment.adjid AS kode_trans, spa_adjustment.adj_nomer AS transaksi FROM spa_adjustment UNION SELECT spa_retbeli.rbid AS kode_trans, spa_retbeli.rbid AS transaksi FROM spa_retbeli) UNION SELECT spa_retjual.rjid AS kode_trans, spa_retjual.rjid AS transaksi FROM spa_retjual) UNION SELECT spa_supply.sppid AS kode_trans, spa_supply.spp_noslip AS transaksi FROM spa_supply) UNION SELECT spa_trbr.trbrid AS kode_trans, spa_trbr.trbr_faktur AS transaksi FROM spa_trbr;


ALTER TABLE public.no_transaksi OWNER TO postgres;

--
-- TOC entry 253 (class 1259 OID 73347)
-- Name: pen_bbn; Type: TABLE; Schema: public; Owner: postgres; Tablespace: 
--

CREATE TABLE pen_bbn (
    bbnid integer NOT NULL,
    bbn_cbid character varying(6),
    bbn_norangka character varying(20),
    bbn_tglproses date,
    bbn_tglstnk_in date,
    bbn_tglstnk_out date,
    bbn_tglterima_stnk date,
    bbn_penerima_stnk character varying(20),
    bbn_nobuku character varying(20),
    bbn_nobpkb character varying(20),
    bbn_tglbpkb_in date,
    bbn_tglbpkb_out date,
    bbn_penerima_bpkb character varying(20),
    bbn_status character varying,
    bbn_lastupdate timestamp without time zone,
    bbn_spkid character varying(12),
    bbn_idbirojasa character varying,
    bbn_notice date,
    bbn_nopol character varying(20),
    bbn_createby character varying(12),
    bbn_createon timestamp without time zone
);


ALTER TABLE public.pen_bbn OWNER TO postgres;

--
-- TOC entry 2960 (class 0 OID 0)
-- Dependencies: 253
-- Name: TABLE pen_bbn; Type: COMMENT; Schema: public; Owner: postgres
--

COMMENT ON TABLE pen_bbn IS 'pngurusan bbn';


--
-- TOC entry 2961 (class 0 OID 0)
-- Dependencies: 253
-- Name: COLUMN pen_bbn.bbn_status; Type: COMMENT; Schema: public; Owner: postgres
--

COMMENT ON COLUMN pen_bbn.bbn_status IS '1-> pengurusan bbn; 2->pihak luar';


--
-- TOC entry 254 (class 1259 OID 73350)
-- Name: pen_bbn_bbnid_seq; Type: SEQUENCE; Schema: public; Owner: postgres
--

CREATE SEQUENCE pen_bbn_bbnid_seq
    START WITH 1
    INCREMENT BY 1
    NO MINVALUE
    NO MAXVALUE
    CACHE 1;


ALTER TABLE public.pen_bbn_bbnid_seq OWNER TO postgres;

--
-- TOC entry 2962 (class 0 OID 0)
-- Dependencies: 254
-- Name: pen_bbn_bbnid_seq; Type: SEQUENCE OWNED BY; Schema: public; Owner: postgres
--

ALTER SEQUENCE pen_bbn_bbnid_seq OWNED BY pen_bbn.bbnid;


--
-- TOC entry 252 (class 1259 OID 73342)
-- Name: pen_bpk; Type: TABLE; Schema: public; Owner: postgres; Tablespace: 
--

CREATE TABLE pen_bpk (
    bpkid character varying(12) NOT NULL,
    bpk_cbid character varying(6),
    bpk_tgl date,
    bpk_nomer character varying(12),
    bpk_tglref date,
    bpk_mscid character varying(12),
    bpk_supid character varying(12),
    bpk_nopo character varying(20),
    bpk_nodo character varying(20),
    bpk_tgldo date,
    bpk_tglpo date,
    bpk_hpp numeric(18,2),
    bpk_ff numeric(18,2),
    bpk_disc numeric(18,2),
    bpk_ppn numeric(18,2),
    bpk_ppnbm numeric(18,2),
    bpk_pph22 numeric(18,2),
    bpk_keterangan character varying(50),
    bpk_status character varying(15),
    bpk_print smallint,
    bpk_printon timestamp without time zone,
    bpk_printby character varying(12),
    bpk_batal smallint,
    bpk_batalon timestamp without time zone,
    bpk_batalby character varying(12),
    bpk_alasan_batal character varying(25),
    bpk_statin smallint
);


ALTER TABLE public.pen_bpk OWNER TO postgres;

--
-- TOC entry 2963 (class 0 OID 0)
-- Dependencies: 252
-- Name: TABLE pen_bpk; Type: COMMENT; Schema: public; Owner: postgres
--

COMMENT ON TABLE pen_bpk IS 'Penerimaan Kendaraan';


--
-- TOC entry 2964 (class 0 OID 0)
-- Dependencies: 252
-- Name: COLUMN pen_bpk.bpk_supid; Type: COMMENT; Schema: public; Owner: postgres
--

COMMENT ON COLUMN pen_bpk.bpk_supid IS 'supplier id';


--
-- TOC entry 2965 (class 0 OID 0)
-- Dependencies: 252
-- Name: COLUMN pen_bpk.bpk_tgldo; Type: COMMENT; Schema: public; Owner: postgres
--

COMMENT ON COLUMN pen_bpk.bpk_tgldo IS 'Tanggal delivery order';


--
-- TOC entry 2966 (class 0 OID 0)
-- Dependencies: 252
-- Name: COLUMN pen_bpk.bpk_tglpo; Type: COMMENT; Schema: public; Owner: postgres
--

COMMENT ON COLUMN pen_bpk.bpk_tglpo IS 'Tanggal purchase order';


--
-- TOC entry 2967 (class 0 OID 0)
-- Dependencies: 252
-- Name: COLUMN pen_bpk.bpk_ff; Type: COMMENT; Schema: public; Owner: postgres
--

COMMENT ON COLUMN pen_bpk.bpk_ff IS 'facility fund';


--
-- TOC entry 2968 (class 0 OID 0)
-- Dependencies: 252
-- Name: COLUMN pen_bpk.bpk_status; Type: COMMENT; Schema: public; Owner: postgres
--

COMMENT ON COLUMN pen_bpk.bpk_status IS 'antar cabang; atpm';


--
-- TOC entry 2969 (class 0 OID 0)
-- Dependencies: 252
-- Name: COLUMN pen_bpk.bpk_statin; Type: COMMENT; Schema: public; Owner: postgres
--

COMMENT ON COLUMN pen_bpk.bpk_statin IS '0-> new; 1-> hpp; 2->faktur';


--
-- TOC entry 255 (class 1259 OID 73361)
-- Name: pen_ceklist; Type: TABLE; Schema: public; Owner: postgres; Tablespace: 
--

CREATE TABLE pen_ceklist (
    pecekid integer NOT NULL,
    pec_spkid character varying(12),
    pec_nomer character varying(20),
    pec_status smallint,
    pec_type smallint,
    pec_approve smallint,
    pec_cetak smallint,
    pec_batal smallint,
    pec_tgl_approve date,
    pec_nik_approve character varying(12)
);


ALTER TABLE public.pen_ceklist OWNER TO postgres;

--
-- TOC entry 2970 (class 0 OID 0)
-- Dependencies: 255
-- Name: COLUMN pen_ceklist.pec_nomer; Type: COMMENT; Schema: public; Owner: postgres
--

COMMENT ON COLUMN pen_ceklist.pec_nomer IS 'rangka';


--
-- TOC entry 256 (class 1259 OID 73364)
-- Name: pen_ceklist_pecekid_seq; Type: SEQUENCE; Schema: public; Owner: postgres
--

CREATE SEQUENCE pen_ceklist_pecekid_seq
    START WITH 1
    INCREMENT BY 1
    NO MINVALUE
    NO MAXVALUE
    CACHE 1;


ALTER TABLE public.pen_ceklist_pecekid_seq OWNER TO postgres;

--
-- TOC entry 2971 (class 0 OID 0)
-- Dependencies: 256
-- Name: pen_ceklist_pecekid_seq; Type: SEQUENCE OWNED BY; Schema: public; Owner: postgres
--

ALTER SEQUENCE pen_ceklist_pecekid_seq OWNED BY pen_ceklist.pecekid;


--
-- TOC entry 263 (class 1259 OID 73405)
-- Name: pen_do; Type: TABLE; Schema: public; Owner: postgres; Tablespace: 
--

CREATE TABLE pen_do (
    doid integer NOT NULL,
    do_fkpid character varying(12),
    do_tgl date,
    do_status smallint,
    do_batal smallint,
    do_cetak smallint,
    do_flag smallint,
    do_nomer character varying(20),
    do_reprint smallint,
    do_alasan_retur smallint
);


ALTER TABLE public.pen_do OWNER TO postgres;

--
-- TOC entry 264 (class 1259 OID 73408)
-- Name: pen_do_doid_seq; Type: SEQUENCE; Schema: public; Owner: postgres
--

CREATE SEQUENCE pen_do_doid_seq
    START WITH 1
    INCREMENT BY 1
    NO MINVALUE
    NO MAXVALUE
    CACHE 1;


ALTER TABLE public.pen_do_doid_seq OWNER TO postgres;

--
-- TOC entry 2972 (class 0 OID 0)
-- Dependencies: 264
-- Name: pen_do_doid_seq; Type: SEQUENCE OWNED BY; Schema: public; Owner: postgres
--

ALTER SEQUENCE pen_do_doid_seq OWNED BY pen_do.doid;


--
-- TOC entry 276 (class 1259 OID 73471)
-- Name: pen_faktur; Type: TABLE; Schema: public; Owner: postgres; Tablespace: 
--

CREATE TABLE pen_faktur (
    fkpid character varying(12) NOT NULL,
    fkp_spkid character varying(12),
    fkp_nofaktur character varying(20),
    fkp_tgl date,
    fkp_status smallint,
    fkp_namabpkb character varying(25),
    fkp_addrbpkb character varying(50),
    fkp_refund numeric(18,2),
    fkp_tglrefund date,
    fkp_print smallint,
    fkp_printon timestamp without time zone,
    fkp_printby character varying(12),
    fkp_batal smallint,
    fkp_tglbatal date,
    fkp_pembatal character varying(12),
    fkp_keterangan character varying(50),
    fkp_fpkid character varying(12),
    fkp_createon timestamp without time zone,
    fkp_createby character varying(30)
);


ALTER TABLE public.pen_faktur OWNER TO postgres;

--
-- TOC entry 2973 (class 0 OID 0)
-- Dependencies: 276
-- Name: TABLE pen_faktur; Type: COMMENT; Schema: public; Owner: postgres
--

COMMENT ON TABLE pen_faktur IS 'Faktur Penjualan Unit';


--
-- TOC entry 2974 (class 0 OID 0)
-- Dependencies: 276
-- Name: COLUMN pen_faktur.fkp_status; Type: COMMENT; Schema: public; Owner: postgres
--

COMMENT ON COLUMN pen_faktur.fkp_status IS '1=> aktiv; 0=>batal';


--
-- TOC entry 2975 (class 0 OID 0)
-- Dependencies: 276
-- Name: COLUMN pen_faktur.fkp_namabpkb; Type: COMMENT; Schema: public; Owner: postgres
--

COMMENT ON COLUMN pen_faktur.fkp_namabpkb IS 'nama bpkb';


--
-- TOC entry 2976 (class 0 OID 0)
-- Dependencies: 276
-- Name: COLUMN pen_faktur.fkp_addrbpkb; Type: COMMENT; Schema: public; Owner: postgres
--

COMMENT ON COLUMN pen_faktur.fkp_addrbpkb IS 'alamat bpkb';


--
-- TOC entry 2977 (class 0 OID 0)
-- Dependencies: 276
-- Name: COLUMN pen_faktur.fkp_printby; Type: COMMENT; Schema: public; Owner: postgres
--

COMMENT ON COLUMN pen_faktur.fkp_printby IS 'nik pencetak';


--
-- TOC entry 2978 (class 0 OID 0)
-- Dependencies: 276
-- Name: COLUMN pen_faktur.fkp_pembatal; Type: COMMENT; Schema: public; Owner: postgres
--

COMMENT ON COLUMN pen_faktur.fkp_pembatal IS 'nik pembatal';


--
-- TOC entry 248 (class 1259 OID 73320)
-- Name: pen_faktur_payment; Type: TABLE; Schema: public; Owner: postgres; Tablespace: 
--

CREATE TABLE pen_faktur_payment (
    byrid integer NOT NULL,
    byr_fkpid character varying(12),
    byr_um numeric(18,2),
    byr_asuransi numeric(18,2),
    byr_aksesoris numeric(18,2),
    byr_admin numeric(18,2),
    byr_lain numeric(18,2),
    byr_tunai numeric(18,2),
    byr_total numeric(18,2),
    byr_sisatunai numeric(18,2),
    byr_sisaleasing numeric(18,2),
    byr_bunga_leasing numeric(18,2),
    byr_tipe_bunga character varying(15),
    byr_jangka_angsuran numeric(3,0),
    byr_cicilan_bulanan numeric(18,2),
    byr_leasid character varying(14)
);


ALTER TABLE public.pen_faktur_payment OWNER TO postgres;

--
-- TOC entry 2979 (class 0 OID 0)
-- Dependencies: 248
-- Name: TABLE pen_faktur_payment; Type: COMMENT; Schema: public; Owner: postgres
--

COMMENT ON TABLE pen_faktur_payment IS 'detil pembayaran faktur';


--
-- TOC entry 249 (class 1259 OID 73323)
-- Name: pen_faktur_payment_byrid_seq; Type: SEQUENCE; Schema: public; Owner: postgres
--

CREATE SEQUENCE pen_faktur_payment_byrid_seq
    START WITH 1
    INCREMENT BY 1
    NO MINVALUE
    NO MAXVALUE
    CACHE 1;


ALTER TABLE public.pen_faktur_payment_byrid_seq OWNER TO postgres;

--
-- TOC entry 2980 (class 0 OID 0)
-- Dependencies: 249
-- Name: pen_faktur_payment_byrid_seq; Type: SEQUENCE OWNED BY; Schema: public; Owner: postgres
--

ALTER SEQUENCE pen_faktur_payment_byrid_seq OWNED BY pen_faktur_payment.byrid;


--
-- TOC entry 266 (class 1259 OID 73421)
-- Name: pen_fat; Type: TABLE; Schema: public; Owner: postgres; Tablespace: 
--

CREATE TABLE pen_fat (
    fatid character varying(12) NOT NULL,
    fat_fptid character varying(12),
    fat_aksid smallint,
    fat_harga numeric(18,2),
    fpt_hpp numeric(12,0),
    fat_cetak smallint
);


ALTER TABLE public.pen_fat OWNER TO postgres;

--
-- TOC entry 2981 (class 0 OID 0)
-- Dependencies: 266
-- Name: TABLE pen_fat; Type: COMMENT; Schema: public; Owner: postgres
--

COMMENT ON TABLE pen_fat IS 'Form aksesoris tambahan';


--
-- TOC entry 2982 (class 0 OID 0)
-- Dependencies: 266
-- Name: COLUMN pen_fat.fat_aksid; Type: COMMENT; Schema: public; Owner: postgres
--

COMMENT ON COLUMN pen_fat.fat_aksid IS 'Accesories ID';


--
-- TOC entry 2983 (class 0 OID 0)
-- Dependencies: 266
-- Name: COLUMN pen_fat.fat_harga; Type: COMMENT; Schema: public; Owner: postgres
--

COMMENT ON COLUMN pen_fat.fat_harga IS 'Harga yg ditagihkan';


--
-- TOC entry 2984 (class 0 OID 0)
-- Dependencies: 266
-- Name: COLUMN pen_fat.fpt_hpp; Type: COMMENT; Schema: public; Owner: postgres
--

COMMENT ON COLUMN pen_fat.fpt_hpp IS 'harga pokok penjualan aksesories';


--
-- TOC entry 265 (class 1259 OID 73416)
-- Name: pen_fpk; Type: TABLE; Schema: public; Owner: postgres; Tablespace: 
--

CREATE TABLE pen_fpk (
    fpkid character varying(12) NOT NULL,
    fpk_spkid character varying(12),
    fpk_cbid character varying(6),
    fpk_um numeric(18,2),
    fpk_hargaotr numeric(18,2),
    fpk_angsuran numeric(18,2),
    fpk_admin numeric(18,2),
    fpk_asuransi numeric(18,2),
    fpk_tgl date,
    fpk_leasid character varying(12),
    fpk_bunga numeric(3,2),
    fpk_jangka numeric(4,0),
    fpk_redit numeric(3,0),
    fpk_batal smallint,
    fpk_premi numeric(18,2)
);


ALTER TABLE public.pen_fpk OWNER TO postgres;

--
-- TOC entry 2985 (class 0 OID 0)
-- Dependencies: 265
-- Name: TABLE pen_fpk; Type: COMMENT; Schema: public; Owner: postgres
--

COMMENT ON TABLE pen_fpk IS 'Form Pembiayaan Konsumen';


--
-- TOC entry 2986 (class 0 OID 0)
-- Dependencies: 265
-- Name: COLUMN pen_fpk.fpk_tgl; Type: COMMENT; Schema: public; Owner: postgres
--

COMMENT ON COLUMN pen_fpk.fpk_tgl IS 'Tanggal pembuatan FPK';


--
-- TOC entry 2987 (class 0 OID 0)
-- Dependencies: 265
-- Name: COLUMN pen_fpk.fpk_bunga; Type: COMMENT; Schema: public; Owner: postgres
--

COMMENT ON COLUMN pen_fpk.fpk_bunga IS 'bunga leasing';


--
-- TOC entry 2988 (class 0 OID 0)
-- Dependencies: 265
-- Name: COLUMN pen_fpk.fpk_jangka; Type: COMMENT; Schema: public; Owner: postgres
--

COMMENT ON COLUMN pen_fpk.fpk_jangka IS 'jangka pinjaman';


--
-- TOC entry 232 (class 1259 OID 73199)
-- Name: pen_fpt; Type: TABLE; Schema: public; Owner: postgres; Tablespace: 
--

CREATE TABLE pen_fpt (
    fptid character varying(12) NOT NULL,
    fpt_prosid character varying(12),
    fpt_cbid character varying(6),
    fpt_tgl date,
    fpt_komisi numeric(10,2),
    fpt_penerima_komisi character varying(30),
    fpt_cashback numeric(12,2),
    fpt_diskon numeric(12,2),
    fpt_kondisi character varying(15),
    fpt_uang_muka numeric(12,2),
    fpt_note character varying(50),
    fpt_ctyid integer,
    fpt_modelid integer,
    fpt_merkid integer,
    fpt_warnaid integer,
    fpt_karoid character varying(10),
    fpt_pay_method character varying(15),
    fpt_approve smallint,
    fpt_harga_method smallint DEFAULT 1,
    fpt_hargako numeric(12,2) DEFAULT 0,
    fpt_bbn numeric(12,2) DEFAULT 0,
    fpt_asuransi numeric(12,2) DEFAULT 0,
    fpt_karoseri numeric(12,2) DEFAULT 0,
    fpt_administrasi numeric(12,2) DEFAULT 0,
    fpt_total numeric(12,2),
    fpt_status smallint,
    fpt_createon timestamp without time zone,
    fpt_createby character varying(30)
);


ALTER TABLE public.pen_fpt OWNER TO postgres;

--
-- TOC entry 2989 (class 0 OID 0)
-- Dependencies: 232
-- Name: COLUMN pen_fpt.fpt_note; Type: COMMENT; Schema: public; Owner: postgres
--

COMMENT ON COLUMN pen_fpt.fpt_note IS 'diisi catatan di form fpt';


--
-- TOC entry 2990 (class 0 OID 0)
-- Dependencies: 232
-- Name: COLUMN pen_fpt.fpt_pay_method; Type: COMMENT; Schema: public; Owner: postgres
--

COMMENT ON COLUMN pen_fpt.fpt_pay_method IS 'tunai, kredit';


--
-- TOC entry 2991 (class 0 OID 0)
-- Dependencies: 232
-- Name: COLUMN pen_fpt.fpt_approve; Type: COMMENT; Schema: public; Owner: postgres
--

COMMENT ON COLUMN pen_fpt.fpt_approve IS '0 = belum diupprove, 1 = di approve, 2 = ditolak';


--
-- TOC entry 2992 (class 0 OID 0)
-- Dependencies: 232
-- Name: COLUMN pen_fpt.fpt_harga_method; Type: COMMENT; Schema: public; Owner: postgres
--

COMMENT ON COLUMN pen_fpt.fpt_harga_method IS '1 = on the road, 2 = harga kosong';


--
-- TOC entry 2993 (class 0 OID 0)
-- Dependencies: 232
-- Name: COLUMN pen_fpt.fpt_hargako; Type: COMMENT; Schema: public; Owner: postgres
--

COMMENT ON COLUMN pen_fpt.fpt_hargako IS 'diisi harga kosong kendaraan';


--
-- TOC entry 2994 (class 0 OID 0)
-- Dependencies: 232
-- Name: COLUMN pen_fpt.fpt_bbn; Type: COMMENT; Schema: public; Owner: postgres
--

COMMENT ON COLUMN pen_fpt.fpt_bbn IS 'untuk biaya harga bbn';


--
-- TOC entry 2995 (class 0 OID 0)
-- Dependencies: 232
-- Name: COLUMN pen_fpt.fpt_asuransi; Type: COMMENT; Schema: public; Owner: postgres
--

COMMENT ON COLUMN pen_fpt.fpt_asuransi IS 'diisi biaya asuransi';


--
-- TOC entry 2996 (class 0 OID 0)
-- Dependencies: 232
-- Name: COLUMN pen_fpt.fpt_karoseri; Type: COMMENT; Schema: public; Owner: postgres
--

COMMENT ON COLUMN pen_fpt.fpt_karoseri IS 'diisi biaya/harga karoseri';


--
-- TOC entry 2997 (class 0 OID 0)
-- Dependencies: 232
-- Name: COLUMN pen_fpt.fpt_status; Type: COMMENT; Schema: public; Owner: postgres
--

COMMENT ON COLUMN pen_fpt.fpt_status IS '0 = aktif, 1 = batal';


--
-- TOC entry 257 (class 1259 OID 73372)
-- Name: pen_retbeli; Type: TABLE; Schema: public; Owner: postgres; Tablespace: 
--

CREATE TABLE pen_retbeli (
    rtbid integer NOT NULL,
    rtb_cbid character varying(6),
    rtb_nomer character varying(20),
    rtb_tgl date,
    rtb_bpkid character varying(12),
    rtb_alasan_retur character varying(50),
    rtb_status smallint
);


ALTER TABLE public.pen_retbeli OWNER TO postgres;

--
-- TOC entry 2998 (class 0 OID 0)
-- Dependencies: 257
-- Name: COLUMN pen_retbeli.rtb_nomer; Type: COMMENT; Schema: public; Owner: postgres
--

COMMENT ON COLUMN pen_retbeli.rtb_nomer IS 'nomor retur';


--
-- TOC entry 2999 (class 0 OID 0)
-- Dependencies: 257
-- Name: COLUMN pen_retbeli.rtb_status; Type: COMMENT; Schema: public; Owner: postgres
--

COMMENT ON COLUMN pen_retbeli.rtb_status IS 'flag = 0 /1';


--
-- TOC entry 258 (class 1259 OID 73375)
-- Name: pen_retbeli_rtbid_seq; Type: SEQUENCE; Schema: public; Owner: postgres
--

CREATE SEQUENCE pen_retbeli_rtbid_seq
    START WITH 1
    INCREMENT BY 1
    NO MINVALUE
    NO MAXVALUE
    CACHE 1;


ALTER TABLE public.pen_retbeli_rtbid_seq OWNER TO postgres;

--
-- TOC entry 3000 (class 0 OID 0)
-- Dependencies: 258
-- Name: pen_retbeli_rtbid_seq; Type: SEQUENCE OWNED BY; Schema: public; Owner: postgres
--

ALTER SEQUENCE pen_retbeli_rtbid_seq OWNED BY pen_retbeli.rtbid;


--
-- TOC entry 259 (class 1259 OID 73383)
-- Name: pen_retjual; Type: TABLE; Schema: public; Owner: postgres; Tablespace: 
--

CREATE TABLE pen_retjual (
    rtjid integer NOT NULL,
    rtj_cbid character varying(6),
    rtj_nomer character varying(20),
    rtj_tgl date,
    rtj_fkpid character varying(12),
    rtj_alasan_retur character varying(50)
);


ALTER TABLE public.pen_retjual OWNER TO postgres;

--
-- TOC entry 3001 (class 0 OID 0)
-- Dependencies: 259
-- Name: TABLE pen_retjual; Type: COMMENT; Schema: public; Owner: postgres
--

COMMENT ON TABLE pen_retjual IS 'retur penjualan';


--
-- TOC entry 3002 (class 0 OID 0)
-- Dependencies: 259
-- Name: COLUMN pen_retjual.rtj_tgl; Type: COMMENT; Schema: public; Owner: postgres
--

COMMENT ON COLUMN pen_retjual.rtj_tgl IS 'tgl retur';


--
-- TOC entry 260 (class 1259 OID 73386)
-- Name: pen_retjual_rtjid_seq; Type: SEQUENCE; Schema: public; Owner: postgres
--

CREATE SEQUENCE pen_retjual_rtjid_seq
    START WITH 1
    INCREMENT BY 1
    NO MINVALUE
    NO MAXVALUE
    CACHE 1;


ALTER TABLE public.pen_retjual_rtjid_seq OWNER TO postgres;

--
-- TOC entry 3003 (class 0 OID 0)
-- Dependencies: 260
-- Name: pen_retjual_rtjid_seq; Type: SEQUENCE OWNED BY; Schema: public; Owner: postgres
--

ALTER SEQUENCE pen_retjual_rtjid_seq OWNED BY pen_retjual.rtjid;


--
-- TOC entry 234 (class 1259 OID 73234)
-- Name: pen_spk; Type: TABLE; Schema: public; Owner: postgres; Tablespace: 
--

CREATE TABLE pen_spk (
    spkid character varying(12) NOT NULL,
    spk_cbid character varying(6),
    spk_fptid character varying(12),
    spk_bpkid character varying(12),
    spk_no character varying(20),
    spk_tglspks date,
    spk_nokontrak character varying(15),
    spk_sales character varying(12),
    spk_stcid character varying(12),
    spk_decrip character varying(50),
    spk_kategori character varying(12),
    spk_hargako numeric(18,2),
    spk_bbn numeric(18,2),
    spk_cback numeric(18,2),
    spk_disc numeric(18,0),
    spk_asuransi numeric(18,2),
    spk_aksesoris numeric(18,2),
    spk_ctyid smallint,
    spk_status smallint,
    spk_ccoid character varying(12),
    spk_lastedit timestamp without time zone,
    spk_print smallint,
    spk_printby character varying(12),
    spk_printon timestamp without time zone,
    spk_crbyr smallint,
    spk_validasi smallint,
    spk_tglbatal timestamp without time zone,
    spk_batal smallint,
    spk_pembatal character varying(12),
    spk_createby character varying(12),
    spk_createon timestamp without time zone
);


ALTER TABLE public.pen_spk OWNER TO postgres;

--
-- TOC entry 3004 (class 0 OID 0)
-- Dependencies: 234
-- Name: COLUMN pen_spk.spk_sales; Type: COMMENT; Schema: public; Owner: postgres
--

COMMENT ON COLUMN pen_spk.spk_sales IS 'nik sales';


--
-- TOC entry 3005 (class 0 OID 0)
-- Dependencies: 234
-- Name: COLUMN pen_spk.spk_decrip; Type: COMMENT; Schema: public; Owner: postgres
--

COMMENT ON COLUMN pen_spk.spk_decrip IS 'catatan singkat spk';


--
-- TOC entry 3006 (class 0 OID 0)
-- Dependencies: 234
-- Name: COLUMN pen_spk.spk_kategori; Type: COMMENT; Schema: public; Owner: postgres
--

COMMENT ON COLUMN pen_spk.spk_kategori IS 'kategori spk, agac, non agac';


--
-- TOC entry 3007 (class 0 OID 0)
-- Dependencies: 234
-- Name: COLUMN pen_spk.spk_hargako; Type: COMMENT; Schema: public; Owner: postgres
--

COMMENT ON COLUMN pen_spk.spk_hargako IS 'harga kosong';


--
-- TOC entry 3008 (class 0 OID 0)
-- Dependencies: 234
-- Name: COLUMN pen_spk.spk_bbn; Type: COMMENT; Schema: public; Owner: postgres
--

COMMENT ON COLUMN pen_spk.spk_bbn IS 'biaya balik nama';


--
-- TOC entry 3009 (class 0 OID 0)
-- Dependencies: 234
-- Name: COLUMN pen_spk.spk_cback; Type: COMMENT; Schema: public; Owner: postgres
--

COMMENT ON COLUMN pen_spk.spk_cback IS 'cash back';


--
-- TOC entry 3010 (class 0 OID 0)
-- Dependencies: 234
-- Name: COLUMN pen_spk.spk_disc; Type: COMMENT; Schema: public; Owner: postgres
--

COMMENT ON COLUMN pen_spk.spk_disc IS 'discount';


--
-- TOC entry 3011 (class 0 OID 0)
-- Dependencies: 234
-- Name: COLUMN pen_spk.spk_asuransi; Type: COMMENT; Schema: public; Owner: postgres
--

COMMENT ON COLUMN pen_spk.spk_asuransi IS 'Asuransi Kendaraan';


--
-- TOC entry 3012 (class 0 OID 0)
-- Dependencies: 234
-- Name: COLUMN pen_spk.spk_aksesoris; Type: COMMENT; Schema: public; Owner: postgres
--

COMMENT ON COLUMN pen_spk.spk_aksesoris IS 'Aksesoris tambahan';


--
-- TOC entry 3013 (class 0 OID 0)
-- Dependencies: 234
-- Name: COLUMN pen_spk.spk_ctyid; Type: COMMENT; Schema: public; Owner: postgres
--

COMMENT ON COLUMN pen_spk.spk_ctyid IS 'Car type id';


--
-- TOC entry 3014 (class 0 OID 0)
-- Dependencies: 234
-- Name: COLUMN pen_spk.spk_status; Type: COMMENT; Schema: public; Owner: postgres
--

COMMENT ON COLUMN pen_spk.spk_status IS '0 = aktif, 1 = batal';


--
-- TOC entry 3015 (class 0 OID 0)
-- Dependencies: 234
-- Name: COLUMN pen_spk.spk_ccoid; Type: COMMENT; Schema: public; Owner: postgres
--

COMMENT ON COLUMN pen_spk.spk_ccoid IS 'Car Color ID';


--
-- TOC entry 3016 (class 0 OID 0)
-- Dependencies: 234
-- Name: COLUMN pen_spk.spk_lastedit; Type: COMMENT; Schema: public; Owner: postgres
--

COMMENT ON COLUMN pen_spk.spk_lastedit IS 'Tgl terakhir update data';


--
-- TOC entry 3017 (class 0 OID 0)
-- Dependencies: 234
-- Name: COLUMN pen_spk.spk_print; Type: COMMENT; Schema: public; Owner: postgres
--

COMMENT ON COLUMN pen_spk.spk_print IS 'Flag cetak : 1-> cetak; 0 -> belum';


--
-- TOC entry 3018 (class 0 OID 0)
-- Dependencies: 234
-- Name: COLUMN pen_spk.spk_printby; Type: COMMENT; Schema: public; Owner: postgres
--

COMMENT ON COLUMN pen_spk.spk_printby IS 'Nik pencetak';


--
-- TOC entry 3019 (class 0 OID 0)
-- Dependencies: 234
-- Name: COLUMN pen_spk.spk_printon; Type: COMMENT; Schema: public; Owner: postgres
--

COMMENT ON COLUMN pen_spk.spk_printon IS 'Tanggal cetak';


--
-- TOC entry 3020 (class 0 OID 0)
-- Dependencies: 234
-- Name: COLUMN pen_spk.spk_crbyr; Type: COMMENT; Schema: public; Owner: postgres
--

COMMENT ON COLUMN pen_spk.spk_crbyr IS 'Metode pembayaran 1=> leasing; 0 => cash';


--
-- TOC entry 3021 (class 0 OID 0)
-- Dependencies: 234
-- Name: COLUMN pen_spk.spk_validasi; Type: COMMENT; Schema: public; Owner: postgres
--

COMMENT ON COLUMN pen_spk.spk_validasi IS 'Flag validasi SPK 1=> validate; 0 => belum';


--
-- TOC entry 3022 (class 0 OID 0)
-- Dependencies: 234
-- Name: COLUMN pen_spk.spk_tglbatal; Type: COMMENT; Schema: public; Owner: postgres
--

COMMENT ON COLUMN pen_spk.spk_tglbatal IS 'tanggal batal';


--
-- TOC entry 3023 (class 0 OID 0)
-- Dependencies: 234
-- Name: COLUMN pen_spk.spk_batal; Type: COMMENT; Schema: public; Owner: postgres
--

COMMENT ON COLUMN pen_spk.spk_batal IS 'Flag batal 1= batal ; 0 = active';


--
-- TOC entry 3024 (class 0 OID 0)
-- Dependencies: 234
-- Name: COLUMN pen_spk.spk_pembatal; Type: COMMENT; Schema: public; Owner: postgres
--

COMMENT ON COLUMN pen_spk.spk_pembatal IS 'NIK pembatal';


--
-- TOC entry 3025 (class 0 OID 0)
-- Dependencies: 234
-- Name: COLUMN pen_spk.spk_createby; Type: COMMENT; Schema: public; Owner: postgres
--

COMMENT ON COLUMN pen_spk.spk_createby IS 'Penginput SPK';


--
-- TOC entry 3026 (class 0 OID 0)
-- Dependencies: 234
-- Name: COLUMN pen_spk.spk_createon; Type: COMMENT; Schema: public; Owner: postgres
--

COMMENT ON COLUMN pen_spk.spk_createon IS 'Tgl Buat SPK';


--
-- TOC entry 271 (class 1259 OID 73446)
-- Name: pen_spk_atribut; Type: TABLE; Schema: public; Owner: postgres; Tablespace: 
--

CREATE TABLE pen_spk_atribut (
    atrid integer NOT NULL,
    atr_validasi smallint,
    atr_createby character varying(12),
    atr_tgl date,
    atr_status smallint,
    atr_validator character varying(12),
    atr_validateon date,
    atr_ketvalidasi character varying(20),
    atr_cbid character varying(6),
    atr_spkid character varying(12)
);


ALTER TABLE public.pen_spk_atribut OWNER TO postgres;

--
-- TOC entry 3027 (class 0 OID 0)
-- Dependencies: 271
-- Name: TABLE pen_spk_atribut; Type: COMMENT; Schema: public; Owner: postgres
--

COMMENT ON TABLE pen_spk_atribut IS 'Atribut Spk';


--
-- TOC entry 3028 (class 0 OID 0)
-- Dependencies: 271
-- Name: COLUMN pen_spk_atribut.atr_createby; Type: COMMENT; Schema: public; Owner: postgres
--

COMMENT ON COLUMN pen_spk_atribut.atr_createby IS 'nik creator';


--
-- TOC entry 3029 (class 0 OID 0)
-- Dependencies: 271
-- Name: COLUMN pen_spk_atribut.atr_validator; Type: COMMENT; Schema: public; Owner: postgres
--

COMMENT ON COLUMN pen_spk_atribut.atr_validator IS 'nik validator';


--
-- TOC entry 272 (class 1259 OID 73449)
-- Name: pen_spk_atribut_atrid_seq; Type: SEQUENCE; Schema: public; Owner: postgres
--

CREATE SEQUENCE pen_spk_atribut_atrid_seq
    START WITH 1
    INCREMENT BY 1
    NO MINVALUE
    NO MAXVALUE
    CACHE 1;


ALTER TABLE public.pen_spk_atribut_atrid_seq OWNER TO postgres;

--
-- TOC entry 3030 (class 0 OID 0)
-- Dependencies: 272
-- Name: pen_spk_atribut_atrid_seq; Type: SEQUENCE OWNED BY; Schema: public; Owner: postgres
--

ALTER SEQUENCE pen_spk_atribut_atrid_seq OWNED BY pen_spk_atribut.atrid;


--
-- TOC entry 273 (class 1259 OID 73457)
-- Name: pen_spk_followup; Type: TABLE; Schema: public; Owner: postgres; Tablespace: 
--

CREATE TABLE pen_spk_followup (
    spfid integer NOT NULL,
    spf_spkid character varying(12),
    spf_keterangan character varying(25),
    spf_tgl date
);


ALTER TABLE public.pen_spk_followup OWNER TO postgres;

--
-- TOC entry 3031 (class 0 OID 0)
-- Dependencies: 273
-- Name: TABLE pen_spk_followup; Type: COMMENT; Schema: public; Owner: postgres
--

COMMENT ON TABLE pen_spk_followup IS 'Follow up spk';


--
-- TOC entry 274 (class 1259 OID 73460)
-- Name: pen_spk_followup_spfid_seq; Type: SEQUENCE; Schema: public; Owner: postgres
--

CREATE SEQUENCE pen_spk_followup_spfid_seq
    START WITH 1
    INCREMENT BY 1
    NO MINVALUE
    NO MAXVALUE
    CACHE 1;


ALTER TABLE public.pen_spk_followup_spfid_seq OWNER TO postgres;

--
-- TOC entry 3032 (class 0 OID 0)
-- Dependencies: 274
-- Name: pen_spk_followup_spfid_seq; Type: SEQUENCE OWNED BY; Schema: public; Owner: postgres
--

ALTER SEQUENCE pen_spk_followup_spfid_seq OWNED BY pen_spk_followup.spfid;


--
-- TOC entry 261 (class 1259 OID 73394)
-- Name: pen_spk_validasi; Type: TABLE; Schema: public; Owner: postgres; Tablespace: 
--

CREATE TABLE pen_spk_validasi (
    vspkid integer NOT NULL,
    vspk_keterangan character varying(50),
    vspk_tgl timestamp without time zone,
    vspk_nik character varying(12),
    vspk_spkid character varying(12)
);


ALTER TABLE public.pen_spk_validasi OWNER TO postgres;

--
-- TOC entry 3033 (class 0 OID 0)
-- Dependencies: 261
-- Name: TABLE pen_spk_validasi; Type: COMMENT; Schema: public; Owner: postgres
--

COMMENT ON TABLE pen_spk_validasi IS 'validasi spk';


--
-- TOC entry 262 (class 1259 OID 73397)
-- Name: pen_spk_validasi_vspkid_seq; Type: SEQUENCE; Schema: public; Owner: postgres
--

CREATE SEQUENCE pen_spk_validasi_vspkid_seq
    START WITH 1
    INCREMENT BY 1
    NO MINVALUE
    NO MAXVALUE
    CACHE 1;


ALTER TABLE public.pen_spk_validasi_vspkid_seq OWNER TO postgres;

--
-- TOC entry 3034 (class 0 OID 0)
-- Dependencies: 262
-- Name: pen_spk_validasi_vspkid_seq; Type: SEQUENCE OWNED BY; Schema: public; Owner: postgres
--

ALTER SEQUENCE pen_spk_validasi_vspkid_seq OWNED BY pen_spk_validasi.vspkid;


--
-- TOC entry 230 (class 1259 OID 73189)
-- Name: pros_agenda; Type: TABLE; Schema: public; Owner: postgres; Tablespace: 
--

CREATE TABLE pros_agenda (
    agenid character varying(12) NOT NULL,
    agen_prosid character varying(12),
    agen_tgl timestamp without time zone,
    agen_deskripsi character varying(50),
    agen_cbid character varying(6),
    agen_createon timestamp without time zone
);


ALTER TABLE public.pros_agenda OWNER TO postgres;

--
-- TOC entry 226 (class 1259 OID 73167)
-- Name: pros_data; Type: TABLE; Schema: public; Owner: postgres; Tablespace: 
--

CREATE TABLE pros_data (
    prosid character varying(12) NOT NULL,
    pros_kode character varying(10),
    pros_cbid character varying(6),
    pros_pelid character varying(12),
    pros_sumber_info smallint,
    pros_status smallint,
    pros_salesman smallint,
    pros_jumlah_fpt smallint,
    pros_status_hot smallint,
    pros_createon timestamp without time zone,
    pros_createby character varying(30)
);


ALTER TABLE public.pros_data OWNER TO postgres;

--
-- TOC entry 3035 (class 0 OID 0)
-- Dependencies: 226
-- Name: COLUMN pros_data.pros_status; Type: COMMENT; Schema: public; Owner: postgres
--

COMMENT ON COLUMN pros_data.pros_status IS '0 = aktif, 1 = non aktif';


--
-- TOC entry 3036 (class 0 OID 0)
-- Dependencies: 226
-- Name: COLUMN pros_data.pros_salesman; Type: COMMENT; Schema: public; Owner: postgres
--

COMMENT ON COLUMN pros_data.pros_salesman IS 'diisi krid salesman';


--
-- TOC entry 3037 (class 0 OID 0)
-- Dependencies: 226
-- Name: COLUMN pros_data.pros_status_hot; Type: COMMENT; Schema: public; Owner: postgres
--

COMMENT ON COLUMN pros_data.pros_status_hot IS '0 = baru prospek, 1 = warm, 2 = hot, 3 = sudah spk';


--
-- TOC entry 229 (class 1259 OID 73186)
-- Name: pros_data_car; Type: TABLE; Schema: public; Owner: postgres; Tablespace: 
--

CREATE TABLE pros_data_car (
    car_prosid character varying(12),
    car_ctyid integer,
    car_qty integer
);


ALTER TABLE public.pros_data_car OWNER TO postgres;

--
-- TOC entry 231 (class 1259 OID 73194)
-- Name: pros_follow; Type: TABLE; Schema: public; Owner: postgres; Tablespace: 
--

CREATE TABLE pros_follow (
    followid character varying(12) NOT NULL,
    follow_agenid character varying(12),
    follow_tgl timestamp without time zone,
    follow_metode character varying(20),
    follow_deskripsi character varying(50),
    follow_createon timestamp without time zone
);


ALTER TABLE public.pros_follow OWNER TO postgres;

--
-- TOC entry 227 (class 1259 OID 73172)
-- Name: pros_sumber_info; Type: TABLE; Schema: public; Owner: postgres; Tablespace: 
--

CREATE TABLE pros_sumber_info (
    infoid integer NOT NULL,
    info_deskripsi character varying
);


ALTER TABLE public.pros_sumber_info OWNER TO postgres;

--
-- TOC entry 228 (class 1259 OID 73175)
-- Name: pros_sumber_info_infoid_seq; Type: SEQUENCE; Schema: public; Owner: postgres
--

CREATE SEQUENCE pros_sumber_info_infoid_seq
    START WITH 1
    INCREMENT BY 1
    NO MINVALUE
    NO MAXVALUE
    CACHE 1;


ALTER TABLE public.pros_sumber_info_infoid_seq OWNER TO postgres;

--
-- TOC entry 3038 (class 0 OID 0)
-- Dependencies: 228
-- Name: pros_sumber_info_infoid_seq; Type: SEQUENCE OWNED BY; Schema: public; Owner: postgres
--

ALTER SEQUENCE pros_sumber_info_infoid_seq OWNED BY pros_sumber_info.infoid;


--
-- TOC entry 186 (class 1259 OID 72819)
-- Name: setting; Type: TABLE; Schema: public; Owner: postgres; Tablespace: 
--

CREATE TABLE setting (
    set_key character varying(30),
    set_value integer,
    set_cbid character varying(6)
);


ALTER TABLE public.setting OWNER TO postgres;

--
-- TOC entry 287 (class 1259 OID 74458)
-- Name: spa_adjustment_det; Type: TABLE; Schema: public; Owner: postgres; Tablespace: 
--

CREATE TABLE spa_adjustment_det (
    dadj_adjid character varying(12),
    dadj_inveid character varying(12),
    dadj_plus double precision DEFAULT 0,
    dadj_minus double precision DEFAULT 0,
    dadj_hpp numeric(12,2),
    dadj_subtotal_hpp numeric(12,2)
);


ALTER TABLE public.spa_adjustment_det OWNER TO postgres;

--
-- TOC entry 212 (class 1259 OID 73068)
-- Name: spa_grade; Type: TABLE; Schema: public; Owner: postgres; Tablespace: 
--

CREATE TABLE spa_grade (
    gradid character varying(10) NOT NULL,
    grad_cbid character varying(6),
    grad_pelid character varying(12),
    grad_1 double precision DEFAULT 0,
    grad_2 double precision DEFAULT 0,
    grad_3 double precision DEFAULT 0,
    grad_status smallint DEFAULT 0
);


ALTER TABLE public.spa_grade OWNER TO postgres;

--
-- TOC entry 206 (class 1259 OID 73002)
-- Name: spa_gudang; Type: TABLE; Schema: public; Owner: postgres; Tablespace: 
--

CREATE TABLE spa_gudang (
    gdgid integer NOT NULL,
    gdg_deskripsi character varying(30),
    gdg_cbid character varying(6),
    gdg_status smallint DEFAULT 0
);


ALTER TABLE public.spa_gudang OWNER TO postgres;

--
-- TOC entry 3039 (class 0 OID 0)
-- Dependencies: 206
-- Name: COLUMN spa_gudang.gdg_status; Type: COMMENT; Schema: public; Owner: postgres
--

COMMENT ON COLUMN spa_gudang.gdg_status IS '0 = aktif, 1 = non aktif';


--
-- TOC entry 207 (class 1259 OID 73005)
-- Name: spa_gudang_gdgid_seq; Type: SEQUENCE; Schema: public; Owner: postgres
--

CREATE SEQUENCE spa_gudang_gdgid_seq
    START WITH 1
    INCREMENT BY 1
    NO MINVALUE
    NO MAXVALUE
    CACHE 1;


ALTER TABLE public.spa_gudang_gdgid_seq OWNER TO postgres;

--
-- TOC entry 3040 (class 0 OID 0)
-- Dependencies: 207
-- Name: spa_gudang_gdgid_seq; Type: SEQUENCE OWNED BY; Schema: public; Owner: postgres
--

ALTER SEQUENCE spa_gudang_gdgid_seq OWNED BY spa_gudang.gdgid;


--
-- TOC entry 205 (class 1259 OID 72997)
-- Name: spa_inventory; Type: TABLE; Schema: public; Owner: postgres; Tablespace: 
--

CREATE TABLE spa_inventory (
    inveid character varying(12) NOT NULL,
    inve_cbid character varying(6),
    inve_kode character varying(40),
    inve_nama character varying(60),
    inve_barcode character varying(40),
    inve_qty double precision DEFAULT 0,
    inve_qty_rusak double precision DEFAULT 0,
    inve_qty_min double precision DEFAULT 0,
    inve_hpp numeric(10,2) DEFAULT 0,
    inve_harga numeric(10,2) DEFAULT 0,
    inve_jenis character varying(2),
    inve_harga_beli numeric(12,2) DEFAULT 0,
    inve_umur_km double precision DEFAULT 0,
    inve_umur_bulan double precision DEFAULT 0,
    inve_rakid integer DEFAULT 0,
    inve_saldo numeric(12,2) DEFAULT 0
);


ALTER TABLE public.spa_inventory OWNER TO postgres;

--
-- TOC entry 3041 (class 0 OID 0)
-- Dependencies: 205
-- Name: COLUMN spa_inventory.inve_qty_rusak; Type: COMMENT; Schema: public; Owner: postgres
--

COMMENT ON COLUMN spa_inventory.inve_qty_rusak IS 'jumlah barang yang rusak';


--
-- TOC entry 3042 (class 0 OID 0)
-- Dependencies: 205
-- Name: COLUMN spa_inventory.inve_qty_min; Type: COMMENT; Schema: public; Owner: postgres
--

COMMENT ON COLUMN spa_inventory.inve_qty_min IS 'batas minimum barang';


--
-- TOC entry 3043 (class 0 OID 0)
-- Dependencies: 205
-- Name: COLUMN spa_inventory.inve_jenis; Type: COMMENT; Schema: public; Owner: postgres
--

COMMENT ON COLUMN spa_inventory.inve_jenis IS 'ol = oli, sp = spaprepart, sm = sub material';


--
-- TOC entry 224 (class 1259 OID 73156)
-- Name: spa_kartu_stock; Type: TABLE; Schema: public; Owner: postgres; Tablespace: 
--

CREATE TABLE spa_kartu_stock (
    ksid integer NOT NULL,
    ks_tgl timestamp without time zone,
    ks_cbid character varying(6),
    ks_notrans character varying(12) DEFAULT ''::character varying,
    ks_inveid character varying(12),
    ks_in double precision DEFAULT 0,
    ks_out double precision DEFAULT 0,
    ks_total double precision DEFAULT 0,
    ks_type character(2),
    ks_harga numeric(12,2) DEFAULT 0,
    ks_hpp numeric(12,2) DEFAULT 0,
    ks_debit numeric(12,2) DEFAULT 0,
    ks_kredit numeric(12,2) DEFAULT 0,
    ks_saldo numeric(12,2) DEFAULT 0,
    ks_suppel character varying(12) DEFAULT ''::character varying
);


ALTER TABLE public.spa_kartu_stock OWNER TO postgres;

--
-- TOC entry 3044 (class 0 OID 0)
-- Dependencies: 224
-- Name: COLUMN spa_kartu_stock.ks_type; Type: COMMENT; Schema: public; Owner: postgres
--

COMMENT ON COLUMN spa_kartu_stock.ks_type IS 'PB = PENERIMAAN BARANG, SP = SUPPLY SLIP, RB = RETUR BELI, RJ = RETUR JUAL, AS = ADJUSTMENT STOCK, ''BS'' = BATAL SUPPLY';


--
-- TOC entry 3045 (class 0 OID 0)
-- Dependencies: 224
-- Name: COLUMN spa_kartu_stock.ks_suppel; Type: COMMENT; Schema: public; Owner: postgres
--

COMMENT ON COLUMN spa_kartu_stock.ks_suppel IS 'kode supplier dan pelnggan';


--
-- TOC entry 225 (class 1259 OID 73159)
-- Name: spa_kartu_stock_ksid_seq; Type: SEQUENCE; Schema: public; Owner: postgres
--

CREATE SEQUENCE spa_kartu_stock_ksid_seq
    START WITH 1
    INCREMENT BY 1
    NO MINVALUE
    NO MAXVALUE
    CACHE 1;


ALTER TABLE public.spa_kartu_stock_ksid_seq OWNER TO postgres;

--
-- TOC entry 3046 (class 0 OID 0)
-- Dependencies: 225
-- Name: spa_kartu_stock_ksid_seq; Type: SEQUENCE OWNED BY; Schema: public; Owner: postgres
--

ALTER SEQUENCE spa_kartu_stock_ksid_seq OWNED BY spa_kartu_stock.ksid;


--
-- TOC entry 217 (class 1259 OID 73105)
-- Name: spa_nota; Type: TABLE; Schema: public; Owner: postgres; Tablespace: 
--

CREATE TABLE spa_nota (
    notid character varying(12) NOT NULL,
    not_cbid character varying(6),
    not_numerator character varying(12),
    not_tgl date,
    not_status smallint DEFAULT 0,
    not_sppid character varying(12),
    not_kasir character varying(12),
    not_kredit_term smallint,
    not_pay_method character varying(10),
    not_nokwitansi_um character varying(30),
    not_print smallint DEFAULT 1,
    not_tampil_ppn smallint DEFAULT 0,
    not_total numeric(12,2),
    not_createon timestamp without time zone,
    not_createby character varying(30),
    not_nomer character varying(10) DEFAULT ''::character varying,
    not_uang_muka numeric(12,2) DEFAULT 0
);


ALTER TABLE public.spa_nota OWNER TO postgres;

--
-- TOC entry 3047 (class 0 OID 0)
-- Dependencies: 217
-- Name: COLUMN spa_nota.not_status; Type: COMMENT; Schema: public; Owner: postgres
--

COMMENT ON COLUMN spa_nota.not_status IS '0 = aktif, 1 = batal';


--
-- TOC entry 3048 (class 0 OID 0)
-- Dependencies: 217
-- Name: COLUMN spa_nota.not_kasir; Type: COMMENT; Schema: public; Owner: postgres
--

COMMENT ON COLUMN spa_nota.not_kasir IS 'diisi nomer krid kasir';


--
-- TOC entry 3049 (class 0 OID 0)
-- Dependencies: 217
-- Name: COLUMN spa_nota.not_pay_method; Type: COMMENT; Schema: public; Owner: postgres
--

COMMENT ON COLUMN spa_nota.not_pay_method IS 'diisi tunai, kredit';


--
-- TOC entry 3050 (class 0 OID 0)
-- Dependencies: 217
-- Name: COLUMN spa_nota.not_tampil_ppn; Type: COMMENT; Schema: public; Owner: postgres
--

COMMENT ON COLUMN spa_nota.not_tampil_ppn IS '0 = tidak tampil, 1 = tampil';


--
-- TOC entry 280 (class 1259 OID 73883)
-- Name: spa_pricelist; Type: TABLE; Schema: public; Owner: postgres; Tablespace: 
--

CREATE TABLE spa_pricelist (
    plid integer NOT NULL,
    pl_inveid character varying(12),
    pl_cbid character varying(6),
    pl_harga numeric(12,2)
);


ALTER TABLE public.spa_pricelist OWNER TO postgres;

--
-- TOC entry 279 (class 1259 OID 73881)
-- Name: spa_pricelist_plid_seq; Type: SEQUENCE; Schema: public; Owner: postgres
--

CREATE SEQUENCE spa_pricelist_plid_seq
    START WITH 1
    INCREMENT BY 1
    NO MINVALUE
    NO MAXVALUE
    CACHE 1;


ALTER TABLE public.spa_pricelist_plid_seq OWNER TO postgres;

--
-- TOC entry 3051 (class 0 OID 0)
-- Dependencies: 279
-- Name: spa_pricelist_plid_seq; Type: SEQUENCE OWNED BY; Schema: public; Owner: postgres
--

ALTER SEQUENCE spa_pricelist_plid_seq OWNED BY spa_pricelist.plid;


--
-- TOC entry 208 (class 1259 OID 73017)
-- Name: spa_rak; Type: TABLE; Schema: public; Owner: postgres; Tablespace: 
--

CREATE TABLE spa_rak (
    rakid integer NOT NULL,
    rak_gdgid integer,
    rak_cbid character varying(6),
    rak_deskripsi character varying(20),
    rak_status smallint DEFAULT 0
);


ALTER TABLE public.spa_rak OWNER TO postgres;

--
-- TOC entry 3052 (class 0 OID 0)
-- Dependencies: 208
-- Name: COLUMN spa_rak.rak_status; Type: COMMENT; Schema: public; Owner: postgres
--

COMMENT ON COLUMN spa_rak.rak_status IS '0 = aktif, 1 = non aktif';


--
-- TOC entry 209 (class 1259 OID 73020)
-- Name: spa_rak_rakid_seq; Type: SEQUENCE; Schema: public; Owner: postgres
--

CREATE SEQUENCE spa_rak_rakid_seq
    START WITH 1
    INCREMENT BY 1
    NO MINVALUE
    NO MAXVALUE
    CACHE 1;


ALTER TABLE public.spa_rak_rakid_seq OWNER TO postgres;

--
-- TOC entry 3053 (class 0 OID 0)
-- Dependencies: 209
-- Name: spa_rak_rakid_seq; Type: SEQUENCE OWNED BY; Schema: public; Owner: postgres
--

ALTER SEQUENCE spa_rak_rakid_seq OWNED BY spa_rak.rakid;


--
-- TOC entry 221 (class 1259 OID 73135)
-- Name: spa_retbeli_det; Type: TABLE; Schema: public; Owner: postgres; Tablespace: 
--

CREATE TABLE spa_retbeli_det (
    detb_rbid character varying(12),
    detb_inveid character varying(12),
    detb_inve_kode character varying(30),
    detb_qty double precision,
    detb_harga numeric(12,2),
    detb_subtotal numeric(12,2),
    detb_diskon double precision DEFAULT 0
);


ALTER TABLE public.spa_retbeli_det OWNER TO postgres;

--
-- TOC entry 219 (class 1259 OID 73127)
-- Name: spa_retjual_det; Type: TABLE; Schema: public; Owner: postgres; Tablespace: 
--

CREATE TABLE spa_retjual_det (
    det_rjid character varying(12),
    det_inveid character varying(12),
    det_qty double precision,
    det_harga numeric(12,2),
    det_hpp numeric(12,2),
    det_subtotal numeric(12,2),
    det_subtotal_hpp numeric(12,2),
    det_diskon double precision DEFAULT 0
);


ALTER TABLE public.spa_retjual_det OWNER TO postgres;

--
-- TOC entry 213 (class 1259 OID 73076)
-- Name: spa_spesial; Type: TABLE; Schema: public; Owner: postgres; Tablespace: 
--

CREATE TABLE spa_spesial (
    speid integer NOT NULL,
    spe_inveid character varying(12),
    spe_cbid character varying(6),
    spe_harga numeric(12,2)
);


ALTER TABLE public.spa_spesial OWNER TO postgres;

--
-- TOC entry 214 (class 1259 OID 73079)
-- Name: spa_spesial_speid_seq; Type: SEQUENCE; Schema: public; Owner: postgres
--

CREATE SEQUENCE spa_spesial_speid_seq
    START WITH 1
    INCREMENT BY 1
    NO MINVALUE
    NO MAXVALUE
    CACHE 1;


ALTER TABLE public.spa_spesial_speid_seq OWNER TO postgres;

--
-- TOC entry 3054 (class 0 OID 0)
-- Dependencies: 214
-- Name: spa_spesial_speid_seq; Type: SEQUENCE OWNED BY; Schema: public; Owner: postgres
--

ALTER SEQUENCE spa_spesial_speid_seq OWNED BY spa_spesial.speid;


--
-- TOC entry 211 (class 1259 OID 73065)
-- Name: spa_supply_det; Type: TABLE; Schema: public; Owner: postgres; Tablespace: 
--

CREATE TABLE spa_supply_det (
    dsupp_sppid character varying(12),
    dsupp_inveid character varying(12),
    dsupp_qty double precision DEFAULT 0,
    dsupp_harga numeric(12,2) DEFAULT 0,
    dsupp_hpp numeric(12,2) DEFAULT 0,
    dsupp_diskon double precision DEFAULT 0,
    dsupp_subtotal numeric(12,2) DEFAULT 0,
    dsupp_subtotal_hpp numeric(12,2) DEFAULT 0,
    dsupp_qty_retur double precision DEFAULT 0
);


ALTER TABLE public.spa_supply_det OWNER TO postgres;

--
-- TOC entry 216 (class 1259 OID 73098)
-- Name: spa_trbr_det; Type: TABLE; Schema: public; Owner: postgres; Tablespace: 
--

CREATE TABLE spa_trbr_det (
    dtr_trbrid character varying(12),
    dtr_inveid character varying(12),
    dtr_inve_kode character varying(30),
    dtr_qty double precision,
    dtr_harga numeric(12,2),
    dtr_diskon double precision,
    dtr_ppn double precision DEFAULT 0,
    dtr_subtotal numeric(12,2),
    dtr_qty_retur double precision DEFAULT 0
);


ALTER TABLE public.spa_trbr_det OWNER TO postgres;

--
-- TOC entry 3055 (class 0 OID 0)
-- Dependencies: 216
-- Name: COLUMN spa_trbr_det.dtr_qty_retur; Type: COMMENT; Schema: public; Owner: postgres
--

COMMENT ON COLUMN spa_trbr_det.dtr_qty_retur IS 'jumlah barang yang diretur';


--
-- TOC entry 288 (class 1259 OID 74533)
-- Name: suppel; Type: VIEW; Schema: public; Owner: postgres
--

CREATE VIEW suppel AS
    SELECT ms_pelanggan.pelid AS kode, ms_pelanggan.pel_nama AS nama FROM ms_pelanggan UNION SELECT ms_supplier.supid AS kode, ms_supplier.sup_nama AS nama FROM ms_supplier;


ALTER TABLE public.suppel OWNER TO postgres;

--
-- TOC entry 278 (class 1259 OID 73830)
-- Name: svc_absensi; Type: TABLE; Schema: public; Owner: postgres; Tablespace: 
--

CREATE TABLE svc_absensi (
    absid integer NOT NULL,
    abs_tgl date NOT NULL,
    abs_krid character varying(12),
    abs_in time without time zone,
    abs_out time without time zone,
    abs_total double precision,
    abs_status smallint DEFAULT 0,
    abs_deskripsi text,
    abs_cbid character varying(6),
    abs_lastupdate timestamp without time zone
);


ALTER TABLE public.svc_absensi OWNER TO postgres;

--
-- TOC entry 277 (class 1259 OID 73828)
-- Name: svc_absensi_absid_seq; Type: SEQUENCE; Schema: public; Owner: postgres
--

CREATE SEQUENCE svc_absensi_absid_seq
    START WITH 1
    INCREMENT BY 1
    NO MINVALUE
    NO MAXVALUE
    CACHE 1;


ALTER TABLE public.svc_absensi_absid_seq OWNER TO postgres;

--
-- TOC entry 3056 (class 0 OID 0)
-- Dependencies: 277
-- Name: svc_absensi_absid_seq; Type: SEQUENCE OWNED BY; Schema: public; Owner: postgres
--

ALTER SEQUENCE svc_absensi_absid_seq OWNED BY svc_absensi.absid;


--
-- TOC entry 199 (class 1259 OID 72959)
-- Name: svc_brate; Type: TABLE; Schema: public; Owner: postgres; Tablespace: 
--

CREATE TABLE svc_brate (
    br_cbid character varying(6) NOT NULL,
    br_rate numeric(10,2),
    br_merkid integer,
    br_modelid integer
);


ALTER TABLE public.svc_brate OWNER TO postgres;

--
-- TOC entry 203 (class 1259 OID 72985)
-- Name: svc_clock; Type: TABLE; Schema: public; Owner: postgres; Tablespace: 
--

CREATE TABLE svc_clock (
    cloid character varying(12) NOT NULL,
    clo_woid character varying(12),
    clo_status smallint DEFAULT 0,
    clo_tgl date,
    clo_cbid character varying(6)
);


ALTER TABLE public.svc_clock OWNER TO postgres;

--
-- TOC entry 3057 (class 0 OID 0)
-- Dependencies: 203
-- Name: COLUMN svc_clock.clo_status; Type: COMMENT; Schema: public; Owner: postgres
--

COMMENT ON COLUMN svc_clock.clo_status IS '0 = start / wo dibuat, 1 = mulai, 2 = pending, 3 = selesai';


--
-- TOC entry 204 (class 1259 OID 72994)
-- Name: svc_clock_det; Type: TABLE; Schema: public; Owner: postgres; Tablespace: 
--

CREATE TABLE svc_clock_det (
    det_cloid character varying(12),
    det_start timestamp without time zone,
    det_end timestamp without time zone,
    det_mekanikid character varying(12)
);


ALTER TABLE public.svc_clock_det OWNER TO postgres;

--
-- TOC entry 200 (class 1259 OID 72962)
-- Name: svc_frate; Type: TABLE; Schema: public; Owner: postgres; Tablespace: 
--

CREATE TABLE svc_frate (
    flatid character varying(12) NOT NULL,
    flat_cbid character varying(6),
    flat_kode character varying(30),
    flat_deskripsi character varying(50),
    flat_fx double precision DEFAULT 0,
    flat_jam double precision DEFAULT 0,
    flat_brate numeric(10,2) DEFAULT 0,
    flat_type smallint DEFAULT 1,
    flat_free_jenis smallint DEFAULT 1,
    flat_lc numeric(12,2) DEFAULT 0,
    flat_part numeric(12,2) DEFAULT 0,
    flat_oli numeric(12,2) DEFAULT 0,
    flat_sm numeric(12,2) DEFAULT 0,
    flat_so numeric(12,2) DEFAULT 0,
    flat_total numeric(12,2) DEFAULT 0,
    flat_createby character varying(30),
    flat_createon timestamp without time zone,
    flat_lastupdate timestamp without time zone
);


ALTER TABLE public.svc_frate OWNER TO postgres;

--
-- TOC entry 3058 (class 0 OID 0)
-- Dependencies: 200
-- Name: COLUMN svc_frate.flat_type; Type: COMMENT; Schema: public; Owner: postgres
--

COMMENT ON COLUMN svc_frate.flat_type IS '1 = service umum, 2 = free service';


--
-- TOC entry 3059 (class 0 OID 0)
-- Dependencies: 200
-- Name: COLUMN svc_frate.flat_free_jenis; Type: COMMENT; Schema: public; Owner: postgres
--

COMMENT ON COLUMN svc_frate.flat_free_jenis IS '1 = free service pertama, 2 = free service kedua, 3 = free service ketiga';


--
-- TOC entry 222 (class 1259 OID 73138)
-- Name: svc_invoice; Type: TABLE; Schema: public; Owner: postgres; Tablespace: 
--

CREATE TABLE svc_invoice (
    invid character varying(12) NOT NULL,
    inv_woid character varying(12),
    inv_cbid character varying(6),
    inv_tgl date,
    inv_fchecker character varying(12) DEFAULT ''::character varying,
    inv_kasir character varying(12) DEFAULT ''::character varying,
    inv_pay_method character varying DEFAULT 'tunai'::character varying,
    inv_numerator character varying(20) DEFAULT ''::character varying,
    inv_inextern smallint DEFAULT 2,
    inv_tampil_ppn smallint DEFAULT 0,
    inv_print smallint DEFAULT 0,
    inv_tagihan smallint DEFAULT 0,
    inv_status smallint DEFAULT 0,
    inv_spart numeric(12,2) DEFAULT 0,
    inv_oli numeric(12,2) DEFAULT 0,
    inv_sm numeric(12,2) DEFAULT 0,
    inv_so numeric(12,2) DEFAULT 0,
    inv_hpp_spart numeric(12,2) DEFAULT 0,
    inv_hpp_oli numeric(12,2) DEFAULT 0,
    inv_hpp_sm numeric(12,2) DEFAULT 0,
    inv_hpp_so numeric(12,2) DEFAULT 0,
    inv_ppn numeric(10,2) DEFAULT 0,
    inv_total numeric(12,2) DEFAULT 0,
    inv_createon timestamp without time zone,
    inv_createby character varying(30),
    inv_lc numeric(12,2) DEFAULT 0,
    inv_catatan text DEFAULT ''::text,
    inv_tgl_tagihan date,
    inv_tgl_batal date
);


ALTER TABLE public.svc_invoice OWNER TO postgres;

--
-- TOC entry 3060 (class 0 OID 0)
-- Dependencies: 222
-- Name: COLUMN svc_invoice.inv_fchecker; Type: COMMENT; Schema: public; Owner: postgres
--

COMMENT ON COLUMN svc_invoice.inv_fchecker IS 'diisi nomor krid final checker';


--
-- TOC entry 3061 (class 0 OID 0)
-- Dependencies: 222
-- Name: COLUMN svc_invoice.inv_kasir; Type: COMMENT; Schema: public; Owner: postgres
--

COMMENT ON COLUMN svc_invoice.inv_kasir IS 'diisi krid kasir';


--
-- TOC entry 3062 (class 0 OID 0)
-- Dependencies: 222
-- Name: COLUMN svc_invoice.inv_pay_method; Type: COMMENT; Schema: public; Owner: postgres
--

COMMENT ON COLUMN svc_invoice.inv_pay_method IS 'tunai, kredit';


--
-- TOC entry 3063 (class 0 OID 0)
-- Dependencies: 222
-- Name: COLUMN svc_invoice.inv_inextern; Type: COMMENT; Schema: public; Owner: postgres
--

COMMENT ON COLUMN svc_invoice.inv_inextern IS '1 = intern, 2 = extern, 3 = group, 4 = cabang';


--
-- TOC entry 3064 (class 0 OID 0)
-- Dependencies: 222
-- Name: COLUMN svc_invoice.inv_tampil_ppn; Type: COMMENT; Schema: public; Owner: postgres
--

COMMENT ON COLUMN svc_invoice.inv_tampil_ppn IS '0 = tidak tampil, 1 = tampil';


--
-- TOC entry 3065 (class 0 OID 0)
-- Dependencies: 222
-- Name: COLUMN svc_invoice.inv_tagihan; Type: COMMENT; Schema: public; Owner: postgres
--

COMMENT ON COLUMN svc_invoice.inv_tagihan IS '0 = belum tagihan, 1 = sudah tagihan';


--
-- TOC entry 3066 (class 0 OID 0)
-- Dependencies: 222
-- Name: COLUMN svc_invoice.inv_status; Type: COMMENT; Schema: public; Owner: postgres
--

COMMENT ON COLUMN svc_invoice.inv_status IS '0 = aktif, 1 = batal';


--
-- TOC entry 223 (class 1259 OID 73153)
-- Name: svc_invoice_det; Type: TABLE; Schema: public; Owner: postgres; Tablespace: 
--

CREATE TABLE svc_invoice_det (
    dinv_invid character varying(12),
    dinv_flatid character varying(12),
    dinv_harga numeric(10,2),
    dinv_diskon double precision,
    dinv_subtotal numeric(10,2)
);


ALTER TABLE public.svc_invoice_det OWNER TO postgres;

--
-- TOC entry 201 (class 1259 OID 72974)
-- Name: svc_stall; Type: TABLE; Schema: public; Owner: postgres; Tablespace: 
--

CREATE TABLE svc_stall (
    stallid integer NOT NULL,
    stall_nomer character varying(10),
    stall_cbid character varying(6)
);


ALTER TABLE public.svc_stall OWNER TO postgres;

--
-- TOC entry 202 (class 1259 OID 72977)
-- Name: svc_stall_stallid_seq; Type: SEQUENCE; Schema: public; Owner: postgres
--

CREATE SEQUENCE svc_stall_stallid_seq
    START WITH 1
    INCREMENT BY 1
    NO MINVALUE
    NO MAXVALUE
    CACHE 1;


ALTER TABLE public.svc_stall_stallid_seq OWNER TO postgres;

--
-- TOC entry 3067 (class 0 OID 0)
-- Dependencies: 202
-- Name: svc_stall_stallid_seq; Type: SEQUENCE OWNED BY; Schema: public; Owner: postgres
--

ALTER SEQUENCE svc_stall_stallid_seq OWNED BY svc_stall.stallid;


--
-- TOC entry 194 (class 1259 OID 72903)
-- Name: svc_wo; Type: TABLE; Schema: public; Owner: postgres; Tablespace: 
--

CREATE TABLE svc_wo (
    woid character varying(12) NOT NULL,
    wo_nomer character(10),
    wo_cbid character varying(6),
    wo_numerator character varying(20) DEFAULT ''::character varying,
    wo_pelid character varying(12) DEFAULT ''::character varying,
    wo_tgl date,
    wo_mulai timestamp without time zone,
    wo_selesai timestamp without time zone,
    wo_sa character varying(12) DEFAULT ''::character varying,
    wo_mekanik character varying(12) DEFAULT ''::character varying,
    wo_km integer,
    wo_mscid character varying(12),
    wo_inextern integer DEFAULT 2,
    wo_inv_status integer DEFAULT 0,
    wo_status smallint DEFAULT 0,
    wo_total numeric(12,2) DEFAULT 0,
    wo_stallid character varying(10),
    wo_print smallint DEFAULT 0,
    wo_clockoff timestamp without time zone,
    wo_booking smallint DEFAULT 0,
    wo_uploaded integer NOT NULL,
    wo_ismws smallint DEFAULT 0,
    wo_createby character varying(30),
    wo_createon timestamp without time zone,
    wo_tunggu character varying(10),
    wo_jenis character(2),
    wo_pembawa character varying(40) DEFAULT ''::character varying,
    wo_type smallint DEFAULT 1,
    wo_inv_tgl date
);


ALTER TABLE public.svc_wo OWNER TO postgres;

--
-- TOC entry 3068 (class 0 OID 0)
-- Dependencies: 194
-- Name: COLUMN svc_wo.wo_sa; Type: COMMENT; Schema: public; Owner: postgres
--

COMMENT ON COLUMN svc_wo.wo_sa IS 'krid service advisor';


--
-- TOC entry 3069 (class 0 OID 0)
-- Dependencies: 194
-- Name: COLUMN svc_wo.wo_mekanik; Type: COMMENT; Schema: public; Owner: postgres
--

COMMENT ON COLUMN svc_wo.wo_mekanik IS 'krid mekanik';


--
-- TOC entry 3070 (class 0 OID 0)
-- Dependencies: 194
-- Name: COLUMN svc_wo.wo_km; Type: COMMENT; Schema: public; Owner: postgres
--

COMMENT ON COLUMN svc_wo.wo_km IS 'km kendaraan saat masuk';


--
-- TOC entry 3071 (class 0 OID 0)
-- Dependencies: 194
-- Name: COLUMN svc_wo.wo_inextern; Type: COMMENT; Schema: public; Owner: postgres
--

COMMENT ON COLUMN svc_wo.wo_inextern IS '1 = intern, 2 = extern, 3 = group, 4 = cabang';


--
-- TOC entry 3072 (class 0 OID 0)
-- Dependencies: 194
-- Name: COLUMN svc_wo.wo_inv_status; Type: COMMENT; Schema: public; Owner: postgres
--

COMMENT ON COLUMN svc_wo.wo_inv_status IS '0 = belum invoice, 1 = sudah invoice';


--
-- TOC entry 3073 (class 0 OID 0)
-- Dependencies: 194
-- Name: COLUMN svc_wo.wo_status; Type: COMMENT; Schema: public; Owner: postgres
--

COMMENT ON COLUMN svc_wo.wo_status IS '0 = aktif, 1 = batal';


--
-- TOC entry 3074 (class 0 OID 0)
-- Dependencies: 194
-- Name: COLUMN svc_wo.wo_booking; Type: COMMENT; Schema: public; Owner: postgres
--

COMMENT ON COLUMN svc_wo.wo_booking IS '0 = tidak booking, 1 = booking';


--
-- TOC entry 3075 (class 0 OID 0)
-- Dependencies: 194
-- Name: COLUMN svc_wo.wo_ismws; Type: COMMENT; Schema: public; Owner: postgres
--

COMMENT ON COLUMN svc_wo.wo_ismws IS '0 = non mws, 1 = mws';


--
-- TOC entry 3076 (class 0 OID 0)
-- Dependencies: 194
-- Name: COLUMN svc_wo.wo_tunggu; Type: COMMENT; Schema: public; Owner: postgres
--

COMMENT ON COLUMN svc_wo.wo_tunggu IS 'tunggu, tinggal';


--
-- TOC entry 3077 (class 0 OID 0)
-- Dependencies: 194
-- Name: COLUMN svc_wo.wo_type; Type: COMMENT; Schema: public; Owner: postgres
--

COMMENT ON COLUMN svc_wo.wo_type IS '1 = service umum, 2 = free service';


--
-- TOC entry 283 (class 1259 OID 74120)
-- Name: svc_wo_jasa; Type: TABLE; Schema: public; Owner: postgres; Tablespace: 
--

CREATE TABLE svc_wo_jasa (
    wojid integer NOT NULL,
    woj_woid character varying(12),
    woj_keluhan text DEFAULT ''::text,
    woj_flatid character varying(12) DEFAULT ''::character varying,
    woj_namajasa character varying(60) DEFAULT ''::character varying,
    woj_rate numeric(15,0) DEFAULT 0,
    woj_subtotal numeric(15,0) DEFAULT 0
);


ALTER TABLE public.svc_wo_jasa OWNER TO postgres;

--
-- TOC entry 282 (class 1259 OID 74118)
-- Name: svc_wo_jasa_wojid_seq; Type: SEQUENCE; Schema: public; Owner: postgres
--

CREATE SEQUENCE svc_wo_jasa_wojid_seq
    START WITH 1
    INCREMENT BY 1
    NO MINVALUE
    NO MAXVALUE
    CACHE 1;


ALTER TABLE public.svc_wo_jasa_wojid_seq OWNER TO postgres;

--
-- TOC entry 3078 (class 0 OID 0)
-- Dependencies: 282
-- Name: svc_wo_jasa_wojid_seq; Type: SEQUENCE OWNED BY; Schema: public; Owner: postgres
--

ALTER SEQUENCE svc_wo_jasa_wojid_seq OWNED BY svc_wo_jasa.wojid;


--
-- TOC entry 196 (class 1259 OID 72934)
-- Name: svc_wo_jenis; Type: TABLE; Schema: public; Owner: postgres; Tablespace: 
--

CREATE TABLE svc_wo_jenis (
    woj_kode character(2),
    woj_deskripsi character varying(30),
    woj_cbid character varying(6),
    woj_urut smallint,
    woj_type smallint DEFAULT 0,
    wojid integer NOT NULL
);


ALTER TABLE public.svc_wo_jenis OWNER TO postgres;

--
-- TOC entry 3079 (class 0 OID 0)
-- Dependencies: 196
-- Name: COLUMN svc_wo_jenis.woj_type; Type: COMMENT; Schema: public; Owner: postgres
--

COMMENT ON COLUMN svc_wo_jenis.woj_type IS '1 = umum, 2 =  free service';


--
-- TOC entry 281 (class 1259 OID 74081)
-- Name: svc_wo_jenis_wojid_seq; Type: SEQUENCE; Schema: public; Owner: postgres
--

CREATE SEQUENCE svc_wo_jenis_wojid_seq
    START WITH 1
    INCREMENT BY 1
    NO MINVALUE
    NO MAXVALUE
    CACHE 1;


ALTER TABLE public.svc_wo_jenis_wojid_seq OWNER TO postgres;

--
-- TOC entry 3080 (class 0 OID 0)
-- Dependencies: 281
-- Name: svc_wo_jenis_wojid_seq; Type: SEQUENCE OWNED BY; Schema: public; Owner: postgres
--

ALTER SEQUENCE svc_wo_jenis_wojid_seq OWNED BY svc_wo_jenis.wojid;


--
-- TOC entry 284 (class 1259 OID 74138)
-- Name: svc_wo_part; Type: TABLE; Schema: public; Owner: postgres; Tablespace: 
--

CREATE TABLE svc_wo_part (
    wop_woid character varying(12),
    wop_inveid character varying(12),
    wop_qty double precision,
    wop_harga numeric(15,0) DEFAULT 0,
    wop_subtotal numeric(15,0) DEFAULT 0,
    wop_hpp numeric(15,0) DEFAULT 0,
    wop_subtotalhpp numeric(15,0) DEFAULT 0
);


ALTER TABLE public.svc_wo_part OWNER TO postgres;

--
-- TOC entry 285 (class 1259 OID 74151)
-- Name: svc_wo_suborder; Type: TABLE; Schema: public; Owner: postgres; Tablespace: 
--

CREATE TABLE svc_wo_suborder (
    wos_woid character varying(12) NOT NULL,
    wos_nama character varying(60) DEFAULT ''::character varying,
    wos_harga numeric(15,0) DEFAULT 0,
    wos_hpp numeric(15,0) DEFAULT 0
);


ALTER TABLE public.svc_wo_suborder OWNER TO postgres;

--
-- TOC entry 195 (class 1259 OID 72922)
-- Name: svc_wo_wo_uploaded_seq; Type: SEQUENCE; Schema: public; Owner: postgres
--

CREATE SEQUENCE svc_wo_wo_uploaded_seq
    START WITH 1
    INCREMENT BY 1
    NO MINVALUE
    NO MAXVALUE
    CACHE 1;


ALTER TABLE public.svc_wo_wo_uploaded_seq OWNER TO postgres;

--
-- TOC entry 3081 (class 0 OID 0)
-- Dependencies: 195
-- Name: svc_wo_wo_uploaded_seq; Type: SEQUENCE OWNED BY; Schema: public; Owner: postgres
--

ALTER SEQUENCE svc_wo_wo_uploaded_seq OWNED BY svc_wo.wo_uploaded;


--
-- TOC entry 2497 (class 2604 OID 73271)
-- Name: trlid; Type: DEFAULT; Schema: public; Owner: postgres
--

ALTER TABLE ONLY ksr_ledger ALTER COLUMN trlid SET DEFAULT nextval('ksr_ledger_trlid_seq'::regclass);


--
-- TOC entry 2501 (class 2604 OID 73304)
-- Name: sldid; Type: DEFAULT; Schema: public; Owner: postgres
--

ALTER TABLE ONLY ksr_saldo ALTER COLUMN sldid SET DEFAULT nextval('ksr_saldo_sldid_seq'::regclass);


--
-- TOC entry 2510 (class 2604 OID 73431)
-- Name: aksid; Type: DEFAULT; Schema: public; Owner: postgres
--

ALTER TABLE ONLY ms_aksesories ALTER COLUMN aksid SET DEFAULT nextval('ms_aksesories_aksid_seq'::regclass);


--
-- TOC entry 2500 (class 2604 OID 73293)
-- Name: atjid; Type: DEFAULT; Schema: public; Owner: postgres
--

ALTER TABLE ONLY ms_auto_jurnal ALTER COLUMN atjid SET DEFAULT nextval('ms_auto_jurnal_atjid_seq'::regclass);


--
-- TOC entry 2369 (class 2604 OID 72874)
-- Name: merkid; Type: DEFAULT; Schema: public; Owner: postgres
--

ALTER TABLE ONLY ms_car_merk ALTER COLUMN merkid SET DEFAULT nextval('ms_car_merk_merkid_seq'::regclass);


--
-- TOC entry 2370 (class 2604 OID 72886)
-- Name: modelid; Type: DEFAULT; Schema: public; Owner: postgres
--

ALTER TABLE ONLY ms_car_model ALTER COLUMN modelid SET DEFAULT nextval('ms_car_model_modelid_seq'::regclass);


--
-- TOC entry 2371 (class 2604 OID 72897)
-- Name: ctyid; Type: DEFAULT; Schema: public; Owner: postgres
--

ALTER TABLE ONLY ms_car_type ALTER COLUMN ctyid SET DEFAULT nextval('ms_car_type_ctyid_seq'::regclass);


--
-- TOC entry 2355 (class 2604 OID 72789)
-- Name: deptid; Type: DEFAULT; Schema: public; Owner: postgres
--

ALTER TABLE ONLY ms_departemen ALTER COLUMN deptid SET DEFAULT nextval('ms_departemen_deptid_seq'::regclass);


--
-- TOC entry 2357 (class 2604 OID 72805)
-- Name: groupid; Type: DEFAULT; Schema: public; Owner: postgres
--

ALTER TABLE ONLY ms_group_cabang ALTER COLUMN groupid SET DEFAULT nextval('ms_group_cabang_groupid_seq'::regclass);


--
-- TOC entry 2503 (class 2604 OID 73336)
-- Name: jknid; Type: DEFAULT; Schema: public; Owner: postgres
--

ALTER TABLE ONLY ms_jenis_kendaraan ALTER COLUMN jknid SET DEFAULT nextval('ms_jenis_kendaraan_jknid_seq'::regclass);


--
-- TOC entry 2511 (class 2604 OID 73442)
-- Name: pltid; Type: DEFAULT; Schema: public; Owner: postgres
--

ALTER TABLE ONLY ms_peltype ALTER COLUMN pltid SET DEFAULT nextval('ms_peltype_pltid_seq'::regclass);


--
-- TOC entry 2388 (class 2604 OID 72942)
-- Name: warnaid; Type: DEFAULT; Schema: public; Owner: postgres
--

ALTER TABLE ONLY ms_warna ALTER COLUMN warnaid SET DEFAULT nextval('ms_warna_warnaid_seq'::regclass);


--
-- TOC entry 2504 (class 2604 OID 73352)
-- Name: bbnid; Type: DEFAULT; Schema: public; Owner: postgres
--

ALTER TABLE ONLY pen_bbn ALTER COLUMN bbnid SET DEFAULT nextval('pen_bbn_bbnid_seq'::regclass);


--
-- TOC entry 2505 (class 2604 OID 73366)
-- Name: pecekid; Type: DEFAULT; Schema: public; Owner: postgres
--

ALTER TABLE ONLY pen_ceklist ALTER COLUMN pecekid SET DEFAULT nextval('pen_ceklist_pecekid_seq'::regclass);


--
-- TOC entry 2509 (class 2604 OID 73410)
-- Name: doid; Type: DEFAULT; Schema: public; Owner: postgres
--

ALTER TABLE ONLY pen_do ALTER COLUMN doid SET DEFAULT nextval('pen_do_doid_seq'::regclass);


--
-- TOC entry 2502 (class 2604 OID 73325)
-- Name: byrid; Type: DEFAULT; Schema: public; Owner: postgres
--

ALTER TABLE ONLY pen_faktur_payment ALTER COLUMN byrid SET DEFAULT nextval('pen_faktur_payment_byrid_seq'::regclass);


--
-- TOC entry 2506 (class 2604 OID 73377)
-- Name: rtbid; Type: DEFAULT; Schema: public; Owner: postgres
--

ALTER TABLE ONLY pen_retbeli ALTER COLUMN rtbid SET DEFAULT nextval('pen_retbeli_rtbid_seq'::regclass);


--
-- TOC entry 2507 (class 2604 OID 73388)
-- Name: rtjid; Type: DEFAULT; Schema: public; Owner: postgres
--

ALTER TABLE ONLY pen_retjual ALTER COLUMN rtjid SET DEFAULT nextval('pen_retjual_rtjid_seq'::regclass);


--
-- TOC entry 2512 (class 2604 OID 73451)
-- Name: atrid; Type: DEFAULT; Schema: public; Owner: postgres
--

ALTER TABLE ONLY pen_spk_atribut ALTER COLUMN atrid SET DEFAULT nextval('pen_spk_atribut_atrid_seq'::regclass);


--
-- TOC entry 2513 (class 2604 OID 73462)
-- Name: spfid; Type: DEFAULT; Schema: public; Owner: postgres
--

ALTER TABLE ONLY pen_spk_followup ALTER COLUMN spfid SET DEFAULT nextval('pen_spk_followup_spfid_seq'::regclass);


--
-- TOC entry 2508 (class 2604 OID 73399)
-- Name: vspkid; Type: DEFAULT; Schema: public; Owner: postgres
--

ALTER TABLE ONLY pen_spk_validasi ALTER COLUMN vspkid SET DEFAULT nextval('pen_spk_validasi_vspkid_seq'::regclass);


--
-- TOC entry 2489 (class 2604 OID 73177)
-- Name: infoid; Type: DEFAULT; Schema: public; Owner: postgres
--

ALTER TABLE ONLY pros_sumber_info ALTER COLUMN infoid SET DEFAULT nextval('pros_sumber_info_infoid_seq'::regclass);


--
-- TOC entry 2412 (class 2604 OID 73007)
-- Name: gdgid; Type: DEFAULT; Schema: public; Owner: postgres
--

ALTER TABLE ONLY spa_gudang ALTER COLUMN gdgid SET DEFAULT nextval('spa_gudang_gdgid_seq'::regclass);


--
-- TOC entry 2478 (class 2604 OID 73161)
-- Name: ksid; Type: DEFAULT; Schema: public; Owner: postgres
--

ALTER TABLE ONLY spa_kartu_stock ALTER COLUMN ksid SET DEFAULT nextval('spa_kartu_stock_ksid_seq'::regclass);


--
-- TOC entry 2516 (class 2604 OID 73886)
-- Name: plid; Type: DEFAULT; Schema: public; Owner: postgres
--

ALTER TABLE ONLY spa_pricelist ALTER COLUMN plid SET DEFAULT nextval('spa_pricelist_plid_seq'::regclass);


--
-- TOC entry 2414 (class 2604 OID 73022)
-- Name: rakid; Type: DEFAULT; Schema: public; Owner: postgres
--

ALTER TABLE ONLY spa_rak ALTER COLUMN rakid SET DEFAULT nextval('spa_rak_rakid_seq'::regclass);


--
-- TOC entry 2442 (class 2604 OID 73081)
-- Name: speid; Type: DEFAULT; Schema: public; Owner: postgres
--

ALTER TABLE ONLY spa_spesial ALTER COLUMN speid SET DEFAULT nextval('spa_spesial_speid_seq'::regclass);


--
-- TOC entry 2514 (class 2604 OID 73833)
-- Name: absid; Type: DEFAULT; Schema: public; Owner: postgres
--

ALTER TABLE ONLY svc_absensi ALTER COLUMN absid SET DEFAULT nextval('svc_absensi_absid_seq'::regclass);


--
-- TOC entry 2400 (class 2604 OID 72979)
-- Name: stallid; Type: DEFAULT; Schema: public; Owner: postgres
--

ALTER TABLE ONLY svc_stall ALTER COLUMN stallid SET DEFAULT nextval('svc_stall_stallid_seq'::regclass);


--
-- TOC entry 2376 (class 2604 OID 72924)
-- Name: wo_uploaded; Type: DEFAULT; Schema: public; Owner: postgres
--

ALTER TABLE ONLY svc_wo ALTER COLUMN wo_uploaded SET DEFAULT nextval('svc_wo_wo_uploaded_seq'::regclass);


--
-- TOC entry 2517 (class 2604 OID 74123)
-- Name: wojid; Type: DEFAULT; Schema: public; Owner: postgres
--

ALTER TABLE ONLY svc_wo_jasa ALTER COLUMN wojid SET DEFAULT nextval('svc_wo_jasa_wojid_seq'::regclass);


--
-- TOC entry 2387 (class 2604 OID 74083)
-- Name: wojid; Type: DEFAULT; Schema: public; Owner: postgres
--

ALTER TABLE ONLY svc_wo_jenis ALTER COLUMN wojid SET DEFAULT nextval('svc_wo_jenis_wojid_seq'::regclass);


--
-- TOC entry 2824 (class 0 OID 73263)
-- Dependencies: 239
-- Data for Name: ksr_dtrans; Type: TABLE DATA; Schema: public; Owner: postgres
--



--
-- TOC entry 2825 (class 0 OID 73266)
-- Dependencies: 240
-- Data for Name: ksr_ledger; Type: TABLE DATA; Schema: public; Owner: postgres
--



--
-- TOC entry 3082 (class 0 OID 0)
-- Dependencies: 241
-- Name: ksr_ledger_trlid_seq; Type: SEQUENCE SET; Schema: public; Owner: postgres
--

SELECT pg_catalog.setval('ksr_ledger_trlid_seq', 1, false);


--
-- TOC entry 2829 (class 0 OID 73299)
-- Dependencies: 244
-- Data for Name: ksr_saldo; Type: TABLE DATA; Schema: public; Owner: postgres
--



--
-- TOC entry 3083 (class 0 OID 0)
-- Dependencies: 245
-- Name: ksr_saldo_sldid_seq; Type: SEQUENCE SET; Schema: public; Owner: postgres
--

SELECT pg_catalog.setval('ksr_saldo_sldid_seq', 1, false);


--
-- TOC entry 2823 (class 0 OID 73258)
-- Dependencies: 238
-- Data for Name: ksr_trans; Type: TABLE DATA; Schema: public; Owner: postgres
--



--
-- TOC entry 2852 (class 0 OID 73426)
-- Dependencies: 267
-- Data for Name: ms_aksesories; Type: TABLE DATA; Schema: public; Owner: postgres
--



--
-- TOC entry 3084 (class 0 OID 0)
-- Dependencies: 268
-- Name: ms_aksesories_aksid_seq; Type: SEQUENCE SET; Schema: public; Owner: postgres
--

SELECT pg_catalog.setval('ms_aksesories_aksid_seq', 1, false);


--
-- TOC entry 2827 (class 0 OID 73288)
-- Dependencies: 242
-- Data for Name: ms_auto_jurnal; Type: TABLE DATA; Schema: public; Owner: postgres
--



--
-- TOC entry 3085 (class 0 OID 0)
-- Dependencies: 243
-- Name: ms_auto_jurnal_atjid_seq; Type: SEQUENCE SET; Schema: public; Owner: postgres
--

SELECT pg_catalog.setval('ms_auto_jurnal_atjid_seq', 1, false);


--
-- TOC entry 2822 (class 0 OID 73253)
-- Dependencies: 237
-- Data for Name: ms_bank; Type: TABLE DATA; Schema: public; Owner: postgres
--



--
-- TOC entry 2755 (class 0 OID 72720)
-- Dependencies: 170
-- Data for Name: ms_cabang; Type: TABLE DATA; Schema: public; Owner: postgres
--

INSERT INTO ms_cabang (cbid, cb_nama, cb_compid, cb_npwp, cb_telpon, cb_logo, cb_fax, cb_email, cb_status, cb_alamat, cb_kotaid) VALUES ('100085', '1212', 'C001', NULL, '11212', NULL, '121212', '', 0, 'SOLO', NULL);
INSERT INTO ms_cabang (cbid, cb_nama, cb_compid, cb_npwp, cb_telpon, cb_logo, cb_fax, cb_email, cb_status, cb_alamat, cb_kotaid) VALUES ('100086', 'SSM CHECKING', 'C001', '0', '3323', NULL, '2323', 'aris@gmail.com', 0, 'SOLO', '33.19.00.0000');


--
-- TOC entry 2772 (class 0 OID 72822)
-- Dependencies: 187
-- Data for Name: ms_car; Type: TABLE DATA; Schema: public; Owner: postgres
--

INSERT INTO ms_car (mscid, msc_nopol, msc_norangka, msc_nomesin, msc_cbid, msc_ctyid, msc_tahun, msc_pelid, msc_inextern, msc_stnkexp, msc_status, msc_createon, msc_createby, msc_last_update, msc_warnaid, msc_fuel, msc_chasis, msc_vinlot, msc_bodyseri, msc_kondisi, msc_jenis) VALUES ('CA1500000004', 'AD1NEEE', 'MHM120009091', 'MKN2223232', '100086', 1, 2015, 'PE1500000001', 2, '2015-09-28', 'B', '2015-09-03 16:04:22', 'aris', NULL, 1, '', '', '', '', ' ', 0);
INSERT INTO ms_car (mscid, msc_nopol, msc_norangka, msc_nomesin, msc_cbid, msc_ctyid, msc_tahun, msc_pelid, msc_inextern, msc_stnkexp, msc_status, msc_createon, msc_createby, msc_last_update, msc_warnaid, msc_fuel, msc_chasis, msc_vinlot, msc_bodyseri, msc_kondisi, msc_jenis) VALUES ('CA1500000005', 'AD2NEEE', 'MHM0909', 'MKMKM', '100086', 1, 0, 'PE1500000001', 2, '9999-01-01', 'B', '2015-09-23 16:07:38', 'aris', NULL, 1, '', '', '', '', ' ', 0);
INSERT INTO ms_car (mscid, msc_nopol, msc_norangka, msc_nomesin, msc_cbid, msc_ctyid, msc_tahun, msc_pelid, msc_inextern, msc_stnkexp, msc_status, msc_createon, msc_createby, msc_last_update, msc_warnaid, msc_fuel, msc_chasis, msc_vinlot, msc_bodyseri, msc_kondisi, msc_jenis) VALUES ('CA1500000006', 'AD3NEEE', 'SDSD', 'SDSDSD', '100086', 1, 0, 'PE1500000001', 2, '9999-01-01', 'B', '2015-09-23 16:08:55', 'aris', NULL, 1, '', '', '', '', ' ', 0);
INSERT INTO ms_car (mscid, msc_nopol, msc_norangka, msc_nomesin, msc_cbid, msc_ctyid, msc_tahun, msc_pelid, msc_inextern, msc_stnkexp, msc_status, msc_createon, msc_createby, msc_last_update, msc_warnaid, msc_fuel, msc_chasis, msc_vinlot, msc_bodyseri, msc_kondisi, msc_jenis) VALUES ('CA1500000007', 'AD4NEEE', 'OKOKOK', '0090909', '100086', 1, 0, 'PE1500000001', 2, '9999-01-01', 'B', '2015-09-23 16:11:13', 'aris', NULL, 1, '', '', '', '', ' ', 0);
INSERT INTO ms_car (mscid, msc_nopol, msc_norangka, msc_nomesin, msc_cbid, msc_ctyid, msc_tahun, msc_pelid, msc_inextern, msc_stnkexp, msc_status, msc_createon, msc_createby, msc_last_update, msc_warnaid, msc_fuel, msc_chasis, msc_vinlot, msc_bodyseri, msc_kondisi, msc_jenis) VALUES ('CA1500000008', 'AD4NEE', 'SDSDSD', 'SDSDS', '100086', 1, 0, 'PE1500000001', 2, '9999-01-01', 'B', '2015-09-23 16:13:57', 'aris', NULL, 1, '', '', '', '', ' ', 0);
INSERT INTO ms_car (mscid, msc_nopol, msc_norangka, msc_nomesin, msc_cbid, msc_ctyid, msc_tahun, msc_pelid, msc_inextern, msc_stnkexp, msc_status, msc_createon, msc_createby, msc_last_update, msc_warnaid, msc_fuel, msc_chasis, msc_vinlot, msc_bodyseri, msc_kondisi, msc_jenis) VALUES ('CA1500000009', 'AD9898', 'MHM121212', 'ASDDSD', '100086', 1, 0, 'PE1500000007', 2, '9999-01-01', 'B', '2015-09-23 16:58:53', 'aris', NULL, 1, '', '', '', '', ' ', 0);


--
-- TOC entry 2773 (class 0 OID 72869)
-- Dependencies: 188
-- Data for Name: ms_car_merk; Type: TABLE DATA; Schema: public; Owner: postgres
--

INSERT INTO ms_car_merk (merkid, merk_deskripsi) VALUES (1, 'MITSUBISHI');


--
-- TOC entry 3086 (class 0 OID 0)
-- Dependencies: 189
-- Name: ms_car_merk_merkid_seq; Type: SEQUENCE SET; Schema: public; Owner: postgres
--

SELECT pg_catalog.setval('ms_car_merk_merkid_seq', 1, false);


--
-- TOC entry 2775 (class 0 OID 72881)
-- Dependencies: 190
-- Data for Name: ms_car_model; Type: TABLE DATA; Schema: public; Owner: postgres
--

INSERT INTO ms_car_model (modelid, model_merkid, model_deskripsi) VALUES (1, 1, 'PAJERO');


--
-- TOC entry 3087 (class 0 OID 0)
-- Dependencies: 191
-- Name: ms_car_model_modelid_seq; Type: SEQUENCE SET; Schema: public; Owner: postgres
--

SELECT pg_catalog.setval('ms_car_model_modelid_seq', 1, false);


--
-- TOC entry 2777 (class 0 OID 72892)
-- Dependencies: 192
-- Data for Name: ms_car_type; Type: TABLE DATA; Schema: public; Owner: postgres
--

INSERT INTO ms_car_type (ctyid, cty_modelid, cty_deskripsi) VALUES (1, 1, 'PAJERO SPORT');


--
-- TOC entry 3088 (class 0 OID 0)
-- Dependencies: 193
-- Name: ms_car_type_ctyid_seq; Type: SEQUENCE SET; Schema: public; Owner: postgres
--

SELECT pg_catalog.setval('ms_car_type_ctyid_seq', 1, false);


--
-- TOC entry 2820 (class 0 OID 73239)
-- Dependencies: 235
-- Data for Name: ms_coa; Type: TABLE DATA; Schema: public; Owner: postgres
--



--
-- TOC entry 2756 (class 0 OID 72725)
-- Dependencies: 171
-- Data for Name: ms_company; Type: TABLE DATA; Schema: public; Owner: postgres
--

INSERT INTO ms_company (compid, comp_nama, comp_alamat, comp_status) VALUES ('C001', 'CV. GP', 'SOLO', 0);


--
-- TOC entry 2821 (class 0 OID 73248)
-- Dependencies: 236
-- Data for Name: ms_cost_center; Type: TABLE DATA; Schema: public; Owner: postgres
--



--
-- TOC entry 2765 (class 0 OID 72784)
-- Dependencies: 180
-- Data for Name: ms_departemen; Type: TABLE DATA; Schema: public; Owner: postgres
--

INSERT INTO ms_departemen (deptid, dept_deskripsi) VALUES (1, 'MARKETING');
INSERT INTO ms_departemen (deptid, dept_deskripsi) VALUES (2, 'SERVICE');
INSERT INTO ms_departemen (deptid, dept_deskripsi) VALUES (3, 'SPAREPART');


--
-- TOC entry 3089 (class 0 OID 0)
-- Dependencies: 181
-- Name: ms_departemen_deptid_seq; Type: SEQUENCE SET; Schema: public; Owner: postgres
--

SELECT pg_catalog.setval('ms_departemen_deptid_seq', 1, false);


--
-- TOC entry 2768 (class 0 OID 72800)
-- Dependencies: 183
-- Data for Name: ms_group_cabang; Type: TABLE DATA; Schema: public; Owner: postgres
--

INSERT INTO ms_group_cabang (groupid, group_cbid, group_krid) VALUES (1, '100086', 'KR1500000001');
INSERT INTO ms_group_cabang (groupid, group_cbid, group_krid) VALUES (2, '100086', 'KR1500000002');
INSERT INTO ms_group_cabang (groupid, group_cbid, group_krid) VALUES (3, '100086', 'KR1500000003');
INSERT INTO ms_group_cabang (groupid, group_cbid, group_krid) VALUES (4, '100086', 'KR1500000004');
INSERT INTO ms_group_cabang (groupid, group_cbid, group_krid) VALUES (5, '100086', 'KR1500000005');


--
-- TOC entry 3090 (class 0 OID 0)
-- Dependencies: 184
-- Name: ms_group_cabang_groupid_seq; Type: SEQUENCE SET; Schema: public; Owner: postgres
--

SELECT pg_catalog.setval('ms_group_cabang_groupid_seq', 5, true);


--
-- TOC entry 2767 (class 0 OID 72795)
-- Dependencies: 182
-- Data for Name: ms_jabatan; Type: TABLE DATA; Schema: public; Owner: postgres
--

INSERT INTO ms_jabatan (jabid, jab_deptid, jab_deskripsi, jab_status) VALUES ('JAB005', 2, 'KASIR', 0);
INSERT INTO ms_jabatan (jabid, jab_deptid, jab_deskripsi, jab_status) VALUES ('JAB003', 2, 'SERVICE ADVISOR', 0);
INSERT INTO ms_jabatan (jabid, jab_deptid, jab_deskripsi, jab_status) VALUES ('JAB002', 2, 'MEKANIK', 0);
INSERT INTO ms_jabatan (jabid, jab_deptid, jab_deskripsi, jab_status) VALUES ('JAB004', 2, 'FINAL CHECKER', 0);
INSERT INTO ms_jabatan (jabid, jab_deptid, jab_deskripsi, jab_status) VALUES ('JAB001', 1, 'ADMIN SALES', 0);


--
-- TOC entry 2835 (class 0 OID 73331)
-- Dependencies: 250
-- Data for Name: ms_jenis_kendaraan; Type: TABLE DATA; Schema: public; Owner: postgres
--



--
-- TOC entry 3091 (class 0 OID 0)
-- Dependencies: 251
-- Name: ms_jenis_kendaraan_jknid_seq; Type: SEQUENCE SET; Schema: public; Owner: postgres
--

SELECT pg_catalog.setval('ms_jenis_kendaraan_jknid_seq', 1, false);


--
-- TOC entry 2818 (class 0 OID 73228)
-- Dependencies: 233
-- Data for Name: ms_karoseri; Type: TABLE DATA; Schema: public; Owner: postgres
--



--
-- TOC entry 2760 (class 0 OID 72754)
-- Dependencies: 175
-- Data for Name: ms_karyawan; Type: TABLE DATA; Schema: public; Owner: postgres
--

INSERT INTO ms_karyawan (krid, kr_nik, kr_nama, kr_alamat, kr_hp, kr_jabid, kr_nomor_ktp, kr_cbid, kr_username, kr_password, kr_atasan, kr_status, kr_email, kr_tempat_lahir, kr_tgl_lahir, kr_kotaid, kr_agama, kr_createon) VALUES ('KR1500000002', '0897989', 'MEKANIK1', 'SOLO', '', 'JAB002', '', '100086', 'mekanik1', '7c4a8d09ca3762af61e59520943dc26494f8941b', '', 0, '', '', '9999-01-01', '34.02.00.0000', NULL, NULL);
INSERT INTO ms_karyawan (krid, kr_nik, kr_nama, kr_alamat, kr_hp, kr_jabid, kr_nomor_ktp, kr_cbid, kr_username, kr_password, kr_atasan, kr_status, kr_email, kr_tempat_lahir, kr_tgl_lahir, kr_kotaid, kr_agama, kr_createon) VALUES ('KR1500000001', '0001', 'aris', 'solo', '086', 'JAB001', '0001', '100086', 'aris', '7c4a8d09ca3762af61e59520943dc26494f8941b', NULL, 0, NULL, NULL, NULL, NULL, NULL, NULL);
INSERT INTO ms_karyawan (krid, kr_nik, kr_nama, kr_alamat, kr_hp, kr_jabid, kr_nomor_ktp, kr_cbid, kr_username, kr_password, kr_atasan, kr_status, kr_email, kr_tempat_lahir, kr_tgl_lahir, kr_kotaid, kr_agama, kr_createon) VALUES ('KR1500000003', '08989', 'FINAL CHECKER', 'SOLO', '000', 'JAB004', '-', '100086', 'final', '7c4a8d09ca3762af61e59520943dc26494f8941b', '', 0, 'aris@gmail.com', 'solo', '9999-01-01', '33.72.00.0000', NULL, NULL);
INSERT INTO ms_karyawan (krid, kr_nik, kr_nama, kr_alamat, kr_hp, kr_jabid, kr_nomor_ktp, kr_cbid, kr_username, kr_password, kr_atasan, kr_status, kr_email, kr_tempat_lahir, kr_tgl_lahir, kr_kotaid, kr_agama, kr_createon) VALUES ('KR1500000004', '09889', 'SERVICE ADVISOR', 'SOLO', '0', 'JAB003', '', '100086', '09090', '7c4a8d09ca3762af61e59520943dc26494f8941b', '', 0, '', '', '9999-01-01', '33.02.00.0000', NULL, NULL);
INSERT INTO ms_karyawan (krid, kr_nik, kr_nama, kr_alamat, kr_hp, kr_jabid, kr_nomor_ktp, kr_cbid, kr_username, kr_password, kr_atasan, kr_status, kr_email, kr_tempat_lahir, kr_tgl_lahir, kr_kotaid, kr_agama, kr_createon) VALUES ('KR1500000005', '0987989', 'KASIR SERVICE', 'SOLO', '08089989', 'JAB005', '-', '100086', 'kasir.service', '7c4a8d09ca3762af61e59520943dc26494f8941b', '', 0, '', '', '9999-01-01', '32.73.00.0000', NULL, NULL);


--
-- TOC entry 2764 (class 0 OID 72779)
-- Dependencies: 179
-- Data for Name: ms_kota; Type: TABLE DATA; Schema: public; Owner: postgres
--

INSERT INTO ms_kota (kotaid, kota_propid, kota_deskripsi) VALUES ('11.01.00.0000', '11.00.00.0000', 'ACEH SELATAN');
INSERT INTO ms_kota (kotaid, kota_propid, kota_deskripsi) VALUES ('11.02.00.0000', '11.00.00.0000', 'ACEH TENGGARA');
INSERT INTO ms_kota (kotaid, kota_propid, kota_deskripsi) VALUES ('11.03.00.0000', '11.00.00.0000', 'ACEH TIMUR');
INSERT INTO ms_kota (kotaid, kota_propid, kota_deskripsi) VALUES ('11.04.00.0000', '11.00.00.0000', 'ACEH TENGAH');
INSERT INTO ms_kota (kotaid, kota_propid, kota_deskripsi) VALUES ('11.05.00.0000', '11.00.00.0000', 'ACEH BARAT');
INSERT INTO ms_kota (kotaid, kota_propid, kota_deskripsi) VALUES ('11.06.00.0000', '11.00.00.0000', 'ACEH BESAR');
INSERT INTO ms_kota (kotaid, kota_propid, kota_deskripsi) VALUES ('11.07.00.0000', '11.00.00.0000', 'PIDIE');
INSERT INTO ms_kota (kotaid, kota_propid, kota_deskripsi) VALUES ('11.08.00.0000', '11.00.00.0000', 'ACEH UTARA');
INSERT INTO ms_kota (kotaid, kota_propid, kota_deskripsi) VALUES ('11.09.00.0000', '11.00.00.0000', 'SIMEULUE');
INSERT INTO ms_kota (kotaid, kota_propid, kota_deskripsi) VALUES ('11.10.00.0000', '11.00.00.0000', 'ACEH SINGKIL');
INSERT INTO ms_kota (kotaid, kota_propid, kota_deskripsi) VALUES ('11.11.00.0000', '11.00.00.0000', 'BIREUEN');
INSERT INTO ms_kota (kotaid, kota_propid, kota_deskripsi) VALUES ('11.12.00.0000', '11.00.00.0000', 'ACEH BARAT DAYA');
INSERT INTO ms_kota (kotaid, kota_propid, kota_deskripsi) VALUES ('11.13.00.0000', '11.00.00.0000', 'GAYO LUES');
INSERT INTO ms_kota (kotaid, kota_propid, kota_deskripsi) VALUES ('11.14.00.0000', '11.00.00.0000', 'ACEH JAYA');
INSERT INTO ms_kota (kotaid, kota_propid, kota_deskripsi) VALUES ('11.15.00.0000', '11.00.00.0000', 'NAGAN RAYA');
INSERT INTO ms_kota (kotaid, kota_propid, kota_deskripsi) VALUES ('11.16.00.0000', '11.00.00.0000', 'ACEH TAMIANG');
INSERT INTO ms_kota (kotaid, kota_propid, kota_deskripsi) VALUES ('11.17.00.0000', '11.00.00.0000', 'BENER MERIAH');
INSERT INTO ms_kota (kotaid, kota_propid, kota_deskripsi) VALUES ('11.71.00.0000', '11.00.00.0000', 'BANDA ACEH');
INSERT INTO ms_kota (kotaid, kota_propid, kota_deskripsi) VALUES ('11.72.00.0000', '11.00.00.0000', 'SABANG');
INSERT INTO ms_kota (kotaid, kota_propid, kota_deskripsi) VALUES ('11.73.00.0000', '11.00.00.0000', 'LHOKSEUMAWE');
INSERT INTO ms_kota (kotaid, kota_propid, kota_deskripsi) VALUES ('11.74.00.0000', '11.00.00.0000', 'LANGSA');
INSERT INTO ms_kota (kotaid, kota_propid, kota_deskripsi) VALUES ('12.01.00.0000', '12.00.00.0000', 'TAPANULI TENGAH');
INSERT INTO ms_kota (kotaid, kota_propid, kota_deskripsi) VALUES ('12.02.00.0000', '12.00.00.0000', 'TAPANULI UTARA');
INSERT INTO ms_kota (kotaid, kota_propid, kota_deskripsi) VALUES ('12.03.00.0000', '12.00.00.0000', 'TAPANULI  SELATAN');
INSERT INTO ms_kota (kotaid, kota_propid, kota_deskripsi) VALUES ('12.04.00.0000', '12.00.00.0000', 'NIAS');
INSERT INTO ms_kota (kotaid, kota_propid, kota_deskripsi) VALUES ('12.05.00.0000', '12.00.00.0000', 'LANGKAT');
INSERT INTO ms_kota (kotaid, kota_propid, kota_deskripsi) VALUES ('12.06.00.0000', '12.00.00.0000', 'KARO');
INSERT INTO ms_kota (kotaid, kota_propid, kota_deskripsi) VALUES ('12.07.00.0000', '12.00.00.0000', 'DELI SERDANG');
INSERT INTO ms_kota (kotaid, kota_propid, kota_deskripsi) VALUES ('12.08.00.0000', '12.00.00.0000', 'SIMALUNGUN.');
INSERT INTO ms_kota (kotaid, kota_propid, kota_deskripsi) VALUES ('12.09.00.0000', '12.00.00.0000', 'ASAHAN');
INSERT INTO ms_kota (kotaid, kota_propid, kota_deskripsi) VALUES ('12.10.00.0000', '12.00.00.0000', 'LABUHAN BATU');
INSERT INTO ms_kota (kotaid, kota_propid, kota_deskripsi) VALUES ('12.11.00.0000', '12.00.00.0000', 'DAIRI');
INSERT INTO ms_kota (kotaid, kota_propid, kota_deskripsi) VALUES ('12.12.00.0000', '12.00.00.0000', 'TOBA SAMOSIR');
INSERT INTO ms_kota (kotaid, kota_propid, kota_deskripsi) VALUES ('12.13.00.0000', '12.00.00.0000', 'MANDAILING NATAL');
INSERT INTO ms_kota (kotaid, kota_propid, kota_deskripsi) VALUES ('12.14.00.0000', '12.00.00.0000', 'NIAS SELATAN');
INSERT INTO ms_kota (kotaid, kota_propid, kota_deskripsi) VALUES ('12.15.00.0000', '12.00.00.0000', 'PAKPAK BHARAT');
INSERT INTO ms_kota (kotaid, kota_propid, kota_deskripsi) VALUES ('12.16.00.0000', '12.00.00.0000', 'HUMBANG HASUNDUTAN');
INSERT INTO ms_kota (kotaid, kota_propid, kota_deskripsi) VALUES ('12.17.00.0000', '12.00.00.0000', 'SAMOSIR');
INSERT INTO ms_kota (kotaid, kota_propid, kota_deskripsi) VALUES ('12.18.00.0000', '12.00.00.0000', 'SERDANG BEDAGAI');
INSERT INTO ms_kota (kotaid, kota_propid, kota_deskripsi) VALUES ('12.71.00.0000', '12.00.00.0000', 'MEDAN');
INSERT INTO ms_kota (kotaid, kota_propid, kota_deskripsi) VALUES ('12.72.00.0000', '12.00.00.0000', 'PEMATANG SIANTAR');
INSERT INTO ms_kota (kotaid, kota_propid, kota_deskripsi) VALUES ('12.73.00.0000', '12.00.00.0000', 'SIBOLGA');
INSERT INTO ms_kota (kotaid, kota_propid, kota_deskripsi) VALUES ('12.74.00.0000', '12.00.00.0000', 'TANJUNG BALAI');
INSERT INTO ms_kota (kotaid, kota_propid, kota_deskripsi) VALUES ('12.75.00.0000', '12.00.00.0000', 'BINJAI');
INSERT INTO ms_kota (kotaid, kota_propid, kota_deskripsi) VALUES ('12.76.00.0000', '12.00.00.0000', 'TEBING TINGGI');
INSERT INTO ms_kota (kotaid, kota_propid, kota_deskripsi) VALUES ('12.77.00.0000', '12.00.00.0000', 'PADANG SIDIMPUAN');
INSERT INTO ms_kota (kotaid, kota_propid, kota_deskripsi) VALUES ('13.01.00.0000', '13.00.00.0000', 'PESISIR SELATAN');
INSERT INTO ms_kota (kotaid, kota_propid, kota_deskripsi) VALUES ('13.02.00.0000', '13.00.00.0000', 'SOLOK');
INSERT INTO ms_kota (kotaid, kota_propid, kota_deskripsi) VALUES ('13.03.00.0000', '13.00.00.0000', 'SAWAHLUNTO/SIJUNJUNG');
INSERT INTO ms_kota (kotaid, kota_propid, kota_deskripsi) VALUES ('13.04.00.0000', '13.00.00.0000', 'TANAH DATAR');
INSERT INTO ms_kota (kotaid, kota_propid, kota_deskripsi) VALUES ('13.05.00.0000', '13.00.00.0000', 'PADANG PARIAMAN');
INSERT INTO ms_kota (kotaid, kota_propid, kota_deskripsi) VALUES ('13.06.00.0000', '13.00.00.0000', 'AGAM');
INSERT INTO ms_kota (kotaid, kota_propid, kota_deskripsi) VALUES ('13.07.00.0000', '13.00.00.0000', 'PATEN LIMA PULUH KOTA');
INSERT INTO ms_kota (kotaid, kota_propid, kota_deskripsi) VALUES ('13.08.00.0000', '13.00.00.0000', 'PASAMAN');
INSERT INTO ms_kota (kotaid, kota_propid, kota_deskripsi) VALUES ('13.09.00.0000', '13.00.00.0000', 'KEPULAUAN MENTAWAI.');
INSERT INTO ms_kota (kotaid, kota_propid, kota_deskripsi) VALUES ('13.10.00.0000', '13.00.00.0000', 'DHARMASRAYA');
INSERT INTO ms_kota (kotaid, kota_propid, kota_deskripsi) VALUES ('13.11.00.0000', '13.00.00.0000', 'SOLOK SELATAN');
INSERT INTO ms_kota (kotaid, kota_propid, kota_deskripsi) VALUES ('13.12.00.0000', '13.00.00.0000', 'PASAMAN BARAT');
INSERT INTO ms_kota (kotaid, kota_propid, kota_deskripsi) VALUES ('13.71.00.0000', '13.00.00.0000', 'PADANG');
INSERT INTO ms_kota (kotaid, kota_propid, kota_deskripsi) VALUES ('13.73.00.0000', '13.00.00.0000', 'SAWAHLUNTO');
INSERT INTO ms_kota (kotaid, kota_propid, kota_deskripsi) VALUES ('13.74.00.0000', '13.00.00.0000', 'PADANG PANJANG');
INSERT INTO ms_kota (kotaid, kota_propid, kota_deskripsi) VALUES ('13.75.00.0000', '13.00.00.0000', 'BUKIT TINGGI ');
INSERT INTO ms_kota (kotaid, kota_propid, kota_deskripsi) VALUES ('13.76.00.0000', '13.00.00.0000', 'PAYAKUMBUH');
INSERT INTO ms_kota (kotaid, kota_propid, kota_deskripsi) VALUES ('13.77.00.0000', '13.00.00.0000', 'PARIAMAN');
INSERT INTO ms_kota (kotaid, kota_propid, kota_deskripsi) VALUES ('14.01.00.0000', '14.00.00.0000', 'KAMPAR');
INSERT INTO ms_kota (kotaid, kota_propid, kota_deskripsi) VALUES ('14.02.00.0000', '14.00.00.0000', 'INDRAGIRI HULU');
INSERT INTO ms_kota (kotaid, kota_propid, kota_deskripsi) VALUES ('14.03.00.0000', '14.00.00.0000', 'BENGKALIS');
INSERT INTO ms_kota (kotaid, kota_propid, kota_deskripsi) VALUES ('14.04.00.0000', '14.00.00.0000', 'INDRAGIRI HILIR');
INSERT INTO ms_kota (kotaid, kota_propid, kota_deskripsi) VALUES ('14.05.00.0000', '14.00.00.0000', 'PELALAWAN');
INSERT INTO ms_kota (kotaid, kota_propid, kota_deskripsi) VALUES ('14.06.00.0000', '14.00.00.0000', 'ROKAN HULU');
INSERT INTO ms_kota (kotaid, kota_propid, kota_deskripsi) VALUES ('14.07.00.0000', '14.00.00.0000', 'ROKAN HILIR');
INSERT INTO ms_kota (kotaid, kota_propid, kota_deskripsi) VALUES ('14.08.00.0000', '14.00.00.0000', 'SIAK');
INSERT INTO ms_kota (kotaid, kota_propid, kota_deskripsi) VALUES ('14.09.00.0000', '14.00.00.0000', 'KUANTAN SINGINGI');
INSERT INTO ms_kota (kotaid, kota_propid, kota_deskripsi) VALUES ('14.71.00.0000', '14.00.00.0000', 'PEKANBARU');
INSERT INTO ms_kota (kotaid, kota_propid, kota_deskripsi) VALUES ('14.72.00.0000', '14.00.00.0000', 'DUMAI');
INSERT INTO ms_kota (kotaid, kota_propid, kota_deskripsi) VALUES ('15.01.00.0000', '15.00.00.0000', 'KERINCI');
INSERT INTO ms_kota (kotaid, kota_propid, kota_deskripsi) VALUES ('15.02.00.0000', '15.00.00.0000', 'MERANGIN');
INSERT INTO ms_kota (kotaid, kota_propid, kota_deskripsi) VALUES ('15.03.00.0000', '15.00.00.0000', 'SAROLANGUN ');
INSERT INTO ms_kota (kotaid, kota_propid, kota_deskripsi) VALUES ('15.04.00.0000', '15.00.00.0000', 'BATANG HARI');
INSERT INTO ms_kota (kotaid, kota_propid, kota_deskripsi) VALUES ('15.06.00.0000', '15.00.00.0000', 'TANJUNG JABUNG BARAT');
INSERT INTO ms_kota (kotaid, kota_propid, kota_deskripsi) VALUES ('15.07.00.0000', '15.00.00.0000', 'TANJUNG JABUNG TIMUR');
INSERT INTO ms_kota (kotaid, kota_propid, kota_deskripsi) VALUES ('15.08.00.0000', '15.00.00.0000', 'BUNGO ');
INSERT INTO ms_kota (kotaid, kota_propid, kota_deskripsi) VALUES ('15.09.00.0000', '15.00.00.0000', 'TEBO');
INSERT INTO ms_kota (kotaid, kota_propid, kota_deskripsi) VALUES ('15.71.00.0000', '15.00.00.0000', 'JAMBI');
INSERT INTO ms_kota (kotaid, kota_propid, kota_deskripsi) VALUES ('16.01.00.0000', '16.00.00.0000', 'OGAN KOMERING ULU');
INSERT INTO ms_kota (kotaid, kota_propid, kota_deskripsi) VALUES ('16.02.00.0000', '16.00.00.0000', 'OGAN KOMERING ILIR');
INSERT INTO ms_kota (kotaid, kota_propid, kota_deskripsi) VALUES ('16.03.00.0000', '16.00.00.0000', 'MUARA ENIM');
INSERT INTO ms_kota (kotaid, kota_propid, kota_deskripsi) VALUES ('16.04.00.0000', '16.00.00.0000', 'LAHAT');
INSERT INTO ms_kota (kotaid, kota_propid, kota_deskripsi) VALUES ('16.05.00.0000', '16.00.00.0000', 'MUSI RAWAS');
INSERT INTO ms_kota (kotaid, kota_propid, kota_deskripsi) VALUES ('16.06.00.0000', '16.00.00.0000', 'MUSI BANYUASIN');
INSERT INTO ms_kota (kotaid, kota_propid, kota_deskripsi) VALUES ('16.07.00.0000', '16.00.00.0000', 'BANYUASIN');
INSERT INTO ms_kota (kotaid, kota_propid, kota_deskripsi) VALUES ('16.08.00.0000', '16.00.00.0000', 'OGAN KOMERING ULU TIMUR');
INSERT INTO ms_kota (kotaid, kota_propid, kota_deskripsi) VALUES ('16.09.00.0000', '16.00.00.0000', 'OGAN KOMERING ULU SELATAN');
INSERT INTO ms_kota (kotaid, kota_propid, kota_deskripsi) VALUES ('16.10.00.0000', '16.00.00.0000', 'OGAN  ILIR');
INSERT INTO ms_kota (kotaid, kota_propid, kota_deskripsi) VALUES ('16.71.00.0000', '16.00.00.0000', 'PALEMBANG');
INSERT INTO ms_kota (kotaid, kota_propid, kota_deskripsi) VALUES ('16.72.00.0000', '16.00.00.0000', 'PAGAR ALAM ');
INSERT INTO ms_kota (kotaid, kota_propid, kota_deskripsi) VALUES ('16.73.00.0000', '16.00.00.0000', 'LUBUK LINGGAU');
INSERT INTO ms_kota (kotaid, kota_propid, kota_deskripsi) VALUES ('16.74.00.0000', '16.00.00.0000', 'PRABUMULIH');
INSERT INTO ms_kota (kotaid, kota_propid, kota_deskripsi) VALUES ('17.01.00.0000', '17.00.00.0000', 'BENGKULU SELATAN');
INSERT INTO ms_kota (kotaid, kota_propid, kota_deskripsi) VALUES ('17.02.00.0000', '17.00.00.0000', 'REJANG LEBONG');
INSERT INTO ms_kota (kotaid, kota_propid, kota_deskripsi) VALUES ('17.03.00.0000', '17.00.00.0000', 'BENGKULU UTARA');
INSERT INTO ms_kota (kotaid, kota_propid, kota_deskripsi) VALUES ('17.04.00.0000', '17.00.00.0000', 'MUKOMUKO');
INSERT INTO ms_kota (kotaid, kota_propid, kota_deskripsi) VALUES ('17.07.00.0000', '17.00.00.0000', 'LEBONG');
INSERT INTO ms_kota (kotaid, kota_propid, kota_deskripsi) VALUES ('17.08.00.0000', '17.00.00.0000', 'KEPAHIANG');
INSERT INTO ms_kota (kotaid, kota_propid, kota_deskripsi) VALUES ('17.71.00.0000', '17.00.00.0000', 'BENGKULU');
INSERT INTO ms_kota (kotaid, kota_propid, kota_deskripsi) VALUES ('18.01.00.0000', '18.00.00.0000', 'LAMPUNG SELATAN');
INSERT INTO ms_kota (kotaid, kota_propid, kota_deskripsi) VALUES ('18.02.00.0000', '18.00.00.0000', 'LAMPUNG TENGAH');
INSERT INTO ms_kota (kotaid, kota_propid, kota_deskripsi) VALUES ('18.03.00.0000', '18.00.00.0000', 'LAMPUNG UTARA');
INSERT INTO ms_kota (kotaid, kota_propid, kota_deskripsi) VALUES ('18.04.00.0000', '18.00.00.0000', 'LAMPUNG BARAT');
INSERT INTO ms_kota (kotaid, kota_propid, kota_deskripsi) VALUES ('15.05.00.0000', '15.00.00.0000', 'MUARO JAMBI');
INSERT INTO ms_kota (kotaid, kota_propid, kota_deskripsi) VALUES ('17.05.00.0000', '17.00.00.0000', 'SELUMA');
INSERT INTO ms_kota (kotaid, kota_propid, kota_deskripsi) VALUES ('18.05.00.0000', '18.00.00.0000', 'TULANG BAWANG');
INSERT INTO ms_kota (kotaid, kota_propid, kota_deskripsi) VALUES ('18.06.00.0000', '18.00.00.0000', 'TANGGAMUS');
INSERT INTO ms_kota (kotaid, kota_propid, kota_deskripsi) VALUES ('18.07.00.0000', '18.00.00.0000', 'LAMPUNG TIMUR');
INSERT INTO ms_kota (kotaid, kota_propid, kota_deskripsi) VALUES ('18.08.00.0000', '18.00.00.0000', 'WAY KANAN');
INSERT INTO ms_kota (kotaid, kota_propid, kota_deskripsi) VALUES ('18.71.00.0000', '18.00.00.0000', 'BANDAR LAMPUNG');
INSERT INTO ms_kota (kotaid, kota_propid, kota_deskripsi) VALUES ('18.72.00.0000', '18.00.00.0000', 'METRO');
INSERT INTO ms_kota (kotaid, kota_propid, kota_deskripsi) VALUES ('19.01.00.0000', '19.00.00.0000', 'BANGKA');
INSERT INTO ms_kota (kotaid, kota_propid, kota_deskripsi) VALUES ('19.02.00.0000', '19.00.00.0000', 'BELITUNG');
INSERT INTO ms_kota (kotaid, kota_propid, kota_deskripsi) VALUES ('19.03.00.0000', '19.00.00.0000', 'BANGKA SELATAN');
INSERT INTO ms_kota (kotaid, kota_propid, kota_deskripsi) VALUES ('19.04.00.0000', '19.00.00.0000', 'BANGKA TENGAH');
INSERT INTO ms_kota (kotaid, kota_propid, kota_deskripsi) VALUES ('19.05.00.0000', '19.00.00.0000', 'BANGKA BARAT');
INSERT INTO ms_kota (kotaid, kota_propid, kota_deskripsi) VALUES ('19.06.00.0000', '19.00.00.0000', 'BELITUNG TIMUR');
INSERT INTO ms_kota (kotaid, kota_propid, kota_deskripsi) VALUES ('19.71.00.0000', '19.00.00.0000', 'PANGKALPINANG');
INSERT INTO ms_kota (kotaid, kota_propid, kota_deskripsi) VALUES ('21.01.00.0000', '21.00.00.0000', 'KEPULAUAN RIAU');
INSERT INTO ms_kota (kotaid, kota_propid, kota_deskripsi) VALUES ('21.02.00.0000', '21.00.00.0000', 'KARIMUN');
INSERT INTO ms_kota (kotaid, kota_propid, kota_deskripsi) VALUES ('21.03.00.0000', '21.00.00.0000', 'NATUNA');
INSERT INTO ms_kota (kotaid, kota_propid, kota_deskripsi) VALUES ('21.04.00.0000', '21.00.00.0000', 'LINGGA');
INSERT INTO ms_kota (kotaid, kota_propid, kota_deskripsi) VALUES ('21.71.00.0000', '21.00.00.0000', 'BATAM');
INSERT INTO ms_kota (kotaid, kota_propid, kota_deskripsi) VALUES ('21.72.00.0000', '21.00.00.0000', 'TANJUNG PINANG');
INSERT INTO ms_kota (kotaid, kota_propid, kota_deskripsi) VALUES ('31.71.00.0000', '31.00.00.0000', 'JAKARTA PUSAT');
INSERT INTO ms_kota (kotaid, kota_propid, kota_deskripsi) VALUES ('31.72.00.0000', '31.00.00.0000', 'JAKARTA UTARA');
INSERT INTO ms_kota (kotaid, kota_propid, kota_deskripsi) VALUES ('31.73.00.0000', '31.00.00.0000', 'JAKARTA BARAT');
INSERT INTO ms_kota (kotaid, kota_propid, kota_deskripsi) VALUES ('31.74.00.0000', '31.00.00.0000', 'JAKARTA SELATAN');
INSERT INTO ms_kota (kotaid, kota_propid, kota_deskripsi) VALUES ('31.75.00.0000', '31.00.00.0000', 'JAKARTA TIMUR');
INSERT INTO ms_kota (kotaid, kota_propid, kota_deskripsi) VALUES ('31.76.00.0000', '31.00.00.0000', 'KEPULAUAN SERIBU');
INSERT INTO ms_kota (kotaid, kota_propid, kota_deskripsi) VALUES ('32.01.00.0000', '32.00.00.0000', 'BOGOR');
INSERT INTO ms_kota (kotaid, kota_propid, kota_deskripsi) VALUES ('32.02.00.0000', '32.00.00.0000', 'SUKABUMI');
INSERT INTO ms_kota (kotaid, kota_propid, kota_deskripsi) VALUES ('32.03.00.0000', '32.00.00.0000', 'CIANJUR');
INSERT INTO ms_kota (kotaid, kota_propid, kota_deskripsi) VALUES ('32.05.00.0000', '32.00.00.0000', 'GARUT');
INSERT INTO ms_kota (kotaid, kota_propid, kota_deskripsi) VALUES ('32.07.00.0000', '32.00.00.0000', 'CIAMIS');
INSERT INTO ms_kota (kotaid, kota_propid, kota_deskripsi) VALUES ('32.08.00.0000', '32.00.00.0000', 'KUNINGAN');
INSERT INTO ms_kota (kotaid, kota_propid, kota_deskripsi) VALUES ('32.09.00.0000', '32.00.00.0000', 'CIREBON');
INSERT INTO ms_kota (kotaid, kota_propid, kota_deskripsi) VALUES ('32.10.00.0000', '32.00.00.0000', 'MAJALENGKA');
INSERT INTO ms_kota (kotaid, kota_propid, kota_deskripsi) VALUES ('32.11.00.0000', '32.00.00.0000', 'SUMEDANG');
INSERT INTO ms_kota (kotaid, kota_propid, kota_deskripsi) VALUES ('32.12.00.0000', '32.00.00.0000', 'INDRAMAYU');
INSERT INTO ms_kota (kotaid, kota_propid, kota_deskripsi) VALUES ('32.13.00.0000', '32.00.00.0000', 'SUBANG');
INSERT INTO ms_kota (kotaid, kota_propid, kota_deskripsi) VALUES ('32.14.00.0000', '32.00.00.0000', 'PURWAKARTA');
INSERT INTO ms_kota (kotaid, kota_propid, kota_deskripsi) VALUES ('32.15.00.0000', '32.00.00.0000', 'KARAWANG');
INSERT INTO ms_kota (kotaid, kota_propid, kota_deskripsi) VALUES ('32.16.00.0000', '32.00.00.0000', 'BEKASI');
INSERT INTO ms_kota (kotaid, kota_propid, kota_deskripsi) VALUES ('32.73.00.0000', '32.00.00.0000', 'BANDUNG');
INSERT INTO ms_kota (kotaid, kota_propid, kota_deskripsi) VALUES ('32.76.00.0000', '32.00.00.0000', 'DEPOK');
INSERT INTO ms_kota (kotaid, kota_propid, kota_deskripsi) VALUES ('32.77.00.0000', '32.00.00.0000', 'CIMAHI');
INSERT INTO ms_kota (kotaid, kota_propid, kota_deskripsi) VALUES ('32.78.00.0000', '32.00.00.0000', 'TASIKMALAYA');
INSERT INTO ms_kota (kotaid, kota_propid, kota_deskripsi) VALUES ('32.79.00.0000', '32.00.00.0000', 'BANJAR');
INSERT INTO ms_kota (kotaid, kota_propid, kota_deskripsi) VALUES ('33 20.00.0000', '33.00.00.0000', 'JEPARA');
INSERT INTO ms_kota (kotaid, kota_propid, kota_deskripsi) VALUES ('33.01.00.0000', '33.00.00.0000', 'CILACAP');
INSERT INTO ms_kota (kotaid, kota_propid, kota_deskripsi) VALUES ('33.02.00.0000', '33.00.00.0000', 'BANYUMAS');
INSERT INTO ms_kota (kotaid, kota_propid, kota_deskripsi) VALUES ('33.03.00.0000', '33.00.00.0000', 'PURBALINGGA');
INSERT INTO ms_kota (kotaid, kota_propid, kota_deskripsi) VALUES ('33.04.00.0000', '33.00.00.0000', 'BANJARNEGARA');
INSERT INTO ms_kota (kotaid, kota_propid, kota_deskripsi) VALUES ('33.05.00.0000', '33.00.00.0000', 'KEBUMEN');
INSERT INTO ms_kota (kotaid, kota_propid, kota_deskripsi) VALUES ('33.06.00.0000', '33.00.00.0000', 'PURWOREJO');
INSERT INTO ms_kota (kotaid, kota_propid, kota_deskripsi) VALUES ('33.07.00.0000', '33.00.00.0000', 'WONOSOBO');
INSERT INTO ms_kota (kotaid, kota_propid, kota_deskripsi) VALUES ('33.08.00.0000', '33.00.00.0000', 'MAGELANG');
INSERT INTO ms_kota (kotaid, kota_propid, kota_deskripsi) VALUES ('33.09.00.0000', '33.00.00.0000', 'BOYOLALI');
INSERT INTO ms_kota (kotaid, kota_propid, kota_deskripsi) VALUES ('33.10.00.0000', '33.00.00.0000', 'KLATEN');
INSERT INTO ms_kota (kotaid, kota_propid, kota_deskripsi) VALUES ('33.11.00.0000', '33.00.00.0000', 'SUKOHARJO');
INSERT INTO ms_kota (kotaid, kota_propid, kota_deskripsi) VALUES ('33.12.00.0000', '33.00.00.0000', 'WONOGIRI');
INSERT INTO ms_kota (kotaid, kota_propid, kota_deskripsi) VALUES ('33.13.00.0000', '33.00.00.0000', 'KARANGANYAR');
INSERT INTO ms_kota (kotaid, kota_propid, kota_deskripsi) VALUES ('33.14.00.0000', '33.00.00.0000', 'SRAGEN');
INSERT INTO ms_kota (kotaid, kota_propid, kota_deskripsi) VALUES ('33.15.00.0000', '33.00.00.0000', 'GROBOGAN');
INSERT INTO ms_kota (kotaid, kota_propid, kota_deskripsi) VALUES ('33.16.00.0000', '33.00.00.0000', 'BLORA');
INSERT INTO ms_kota (kotaid, kota_propid, kota_deskripsi) VALUES ('33.17.00.0000', '33.00.00.0000', 'REMBANG');
INSERT INTO ms_kota (kotaid, kota_propid, kota_deskripsi) VALUES ('33.18.00.0000', '33.00.00.0000', 'PATI');
INSERT INTO ms_kota (kotaid, kota_propid, kota_deskripsi) VALUES ('33.19.00.0000', '33.00.00.0000', 'KUDUS');
INSERT INTO ms_kota (kotaid, kota_propid, kota_deskripsi) VALUES ('33.21.00.0000', '33.00.00.0000', 'DEMAK');
INSERT INTO ms_kota (kotaid, kota_propid, kota_deskripsi) VALUES ('33.22.00.0000', '33.00.00.0000', 'SEMARANG');
INSERT INTO ms_kota (kotaid, kota_propid, kota_deskripsi) VALUES ('33.23.00.0000', '33.00.00.0000', 'TEMANGGUNG');
INSERT INTO ms_kota (kotaid, kota_propid, kota_deskripsi) VALUES ('33.24.00.0000', '33.00.00.0000', 'KENDAL');
INSERT INTO ms_kota (kotaid, kota_propid, kota_deskripsi) VALUES ('33.25.00.0000', '33.00.00.0000', 'BATANG');
INSERT INTO ms_kota (kotaid, kota_propid, kota_deskripsi) VALUES ('33.27.00.0000', '33.00.00.0000', 'PEMALANG');
INSERT INTO ms_kota (kotaid, kota_propid, kota_deskripsi) VALUES ('33.28.00.0000', '33.00.00.0000', 'TEGAL');
INSERT INTO ms_kota (kotaid, kota_propid, kota_deskripsi) VALUES ('33.29.00.0000', '33.00.00.0000', 'BREBES');
INSERT INTO ms_kota (kotaid, kota_propid, kota_deskripsi) VALUES ('33.72.00.0000', '33.00.00.0000', 'SURAKARTA');
INSERT INTO ms_kota (kotaid, kota_propid, kota_deskripsi) VALUES ('33.73.00.0000', '33.00.00.0000', 'SALATIGA');
INSERT INTO ms_kota (kotaid, kota_propid, kota_deskripsi) VALUES ('33.75.00.0000', '33.00.00.0000', 'PEKALONGAN');
INSERT INTO ms_kota (kotaid, kota_propid, kota_deskripsi) VALUES ('34.01.00.0000', '34.00.00.0000', 'KULONPROGO');
INSERT INTO ms_kota (kotaid, kota_propid, kota_deskripsi) VALUES ('34.02.00.0000', '34.00.00.0000', 'BANTUL');
INSERT INTO ms_kota (kotaid, kota_propid, kota_deskripsi) VALUES ('34.03.00.0000', '34.00.00.0000', 'GUNUNG KIDUL');
INSERT INTO ms_kota (kotaid, kota_propid, kota_deskripsi) VALUES ('34.04.00.0000', '34.00.00.0000', 'SLEMAN');
INSERT INTO ms_kota (kotaid, kota_propid, kota_deskripsi) VALUES ('34.71.00.0000', '34.00.00.0000', 'YOGYAKARTA');
INSERT INTO ms_kota (kotaid, kota_propid, kota_deskripsi) VALUES ('35.01.00.0000', '35.00.00.0000', 'PACITAN');
INSERT INTO ms_kota (kotaid, kota_propid, kota_deskripsi) VALUES ('35.02.00.0000', '35.00.00.0000', 'PONOROGO');
INSERT INTO ms_kota (kotaid, kota_propid, kota_deskripsi) VALUES ('35.03.00.0000', '35.00.00.0000', 'TRENGGALEK');
INSERT INTO ms_kota (kotaid, kota_propid, kota_deskripsi) VALUES ('35.04.00.0000', '35.00.00.0000', 'TULUNGAGUNG');
INSERT INTO ms_kota (kotaid, kota_propid, kota_deskripsi) VALUES ('35.05.00.0000', '35.00.00.0000', 'BLITAR');
INSERT INTO ms_kota (kotaid, kota_propid, kota_deskripsi) VALUES ('35.06.00.0000', '35.00.00.0000', 'KEDIRI');
INSERT INTO ms_kota (kotaid, kota_propid, kota_deskripsi) VALUES ('35.08.00.0000', '35.00.00.0000', 'LUMAJANG');
INSERT INTO ms_kota (kotaid, kota_propid, kota_deskripsi) VALUES ('35.09.00.0000', '35.00.00.0000', 'JEMBER');
INSERT INTO ms_kota (kotaid, kota_propid, kota_deskripsi) VALUES ('35.10.00.0000', '35.00.00.0000', 'BANYUWANGI');
INSERT INTO ms_kota (kotaid, kota_propid, kota_deskripsi) VALUES ('35.11.00.0000', '35.00.00.0000', 'BONDOWOSO');
INSERT INTO ms_kota (kotaid, kota_propid, kota_deskripsi) VALUES ('35.12.00.0000', '35.00.00.0000', 'SITUBONDO');
INSERT INTO ms_kota (kotaid, kota_propid, kota_deskripsi) VALUES ('35.13.00.0000', '35.00.00.0000', 'PROBOLINGGO');
INSERT INTO ms_kota (kotaid, kota_propid, kota_deskripsi) VALUES ('35.15.00.0000', '35.00.00.0000', 'SIDOARJO');
INSERT INTO ms_kota (kotaid, kota_propid, kota_deskripsi) VALUES ('35.16.00.0000', '35.00.00.0000', 'MOJOKERTO');
INSERT INTO ms_kota (kotaid, kota_propid, kota_deskripsi) VALUES ('35.17.00.0000', '35.00.00.0000', 'JOMBANG');
INSERT INTO ms_kota (kotaid, kota_propid, kota_deskripsi) VALUES ('35.18.00.0000', '35.00.00.0000', 'NGANJUK');
INSERT INTO ms_kota (kotaid, kota_propid, kota_deskripsi) VALUES ('35.19.00.0000', '35.00.00.0000', 'MADIUN');
INSERT INTO ms_kota (kotaid, kota_propid, kota_deskripsi) VALUES ('35.20.00.0000', '35.00.00.0000', 'MAGETAN');
INSERT INTO ms_kota (kotaid, kota_propid, kota_deskripsi) VALUES ('35.21.00.0000', '35.00.00.0000', 'NGAWI');
INSERT INTO ms_kota (kotaid, kota_propid, kota_deskripsi) VALUES ('35.22.00.0000', '35.00.00.0000', 'BOJONEGORO');
INSERT INTO ms_kota (kotaid, kota_propid, kota_deskripsi) VALUES ('35.23.00.0000', '35.00.00.0000', 'TUBAN');
INSERT INTO ms_kota (kotaid, kota_propid, kota_deskripsi) VALUES ('35.24.00.0000', '35.00.00.0000', 'LAMONGAN');
INSERT INTO ms_kota (kotaid, kota_propid, kota_deskripsi) VALUES ('35.25.00.0000', '35.00.00.0000', 'GRESIK');
INSERT INTO ms_kota (kotaid, kota_propid, kota_deskripsi) VALUES ('35.26.00.0000', '35.00.00.0000', 'BANGKALAN');
INSERT INTO ms_kota (kotaid, kota_propid, kota_deskripsi) VALUES ('35.27.00.0000', '35.00.00.0000', 'SAMPANG');
INSERT INTO ms_kota (kotaid, kota_propid, kota_deskripsi) VALUES ('35.28.00.0000', '35.00.00.0000', 'PAMEKASAN');
INSERT INTO ms_kota (kotaid, kota_propid, kota_deskripsi) VALUES ('35.29.00.0000', '35.00.00.0000', 'SUMENEP');
INSERT INTO ms_kota (kotaid, kota_propid, kota_deskripsi) VALUES ('35.73.00.0000', '35.00.00.0000', 'MALANG');
INSERT INTO ms_kota (kotaid, kota_propid, kota_deskripsi) VALUES ('35.75.00.0000', '35.00.00.0000', 'PASURUAN');
INSERT INTO ms_kota (kotaid, kota_propid, kota_deskripsi) VALUES ('35.78.00.0000', '35.00.00.0000', 'SURABAYA');
INSERT INTO ms_kota (kotaid, kota_propid, kota_deskripsi) VALUES ('35.79.00.0000', '35.00.00.0000', 'BATU');
INSERT INTO ms_kota (kotaid, kota_propid, kota_deskripsi) VALUES ('36.01.00.0000', '36.00.00.0000', 'PANDEGLANG');
INSERT INTO ms_kota (kotaid, kota_propid, kota_deskripsi) VALUES ('36.02.00.0000', '36.00.00.0000', 'LEBAK');
INSERT INTO ms_kota (kotaid, kota_propid, kota_deskripsi) VALUES ('36.04.00.0000', '36.00.00.0000', 'SERANG');
INSERT INTO ms_kota (kotaid, kota_propid, kota_deskripsi) VALUES ('36.05.00.0000', '36.00.00.0000', 'TANGGERANG');
INSERT INTO ms_kota (kotaid, kota_propid, kota_deskripsi) VALUES ('36.72.00.0000', '36.00.00.0000', 'CILEGON');
INSERT INTO ms_kota (kotaid, kota_propid, kota_deskripsi) VALUES ('51.01.00.0000', '51.00.00.0000', 'JEMBRANA');
INSERT INTO ms_kota (kotaid, kota_propid, kota_deskripsi) VALUES ('51.02.00.0000', '51.00.00.0000', 'TABANAN');
INSERT INTO ms_kota (kotaid, kota_propid, kota_deskripsi) VALUES ('51.03.00.0000', '51.00.00.0000', 'BADUNG');
INSERT INTO ms_kota (kotaid, kota_propid, kota_deskripsi) VALUES ('51.04.00.0000', '51.00.00.0000', 'GIANYAR');
INSERT INTO ms_kota (kotaid, kota_propid, kota_deskripsi) VALUES ('51.05.00.0000', '51.00.00.0000', 'KLUNGKUNG');
INSERT INTO ms_kota (kotaid, kota_propid, kota_deskripsi) VALUES ('51.06.00.0000', '51.00.00.0000', 'BANGLI');
INSERT INTO ms_kota (kotaid, kota_propid, kota_deskripsi) VALUES ('51.07.00.0000', '51.00.00.0000', 'KARANG ASEM');
INSERT INTO ms_kota (kotaid, kota_propid, kota_deskripsi) VALUES ('51.08.00.0000', '51.00.00.0000', 'BULELENG');
INSERT INTO ms_kota (kotaid, kota_propid, kota_deskripsi) VALUES ('51.71.00.0000', '51.00.00.0000', 'DENPASAR');
INSERT INTO ms_kota (kotaid, kota_propid, kota_deskripsi) VALUES ('52.01.00.0000', '52.00.00.0000', 'LOMBOK BARAT');
INSERT INTO ms_kota (kotaid, kota_propid, kota_deskripsi) VALUES ('52.02.00.0000', '52.00.00.0000', 'LOMBOK TENGAH');
INSERT INTO ms_kota (kotaid, kota_propid, kota_deskripsi) VALUES ('52.03.00.0000', '52.00.00.0000', 'LOMBOK TIMUR');
INSERT INTO ms_kota (kotaid, kota_propid, kota_deskripsi) VALUES ('52.04.00.0000', '52.00.00.0000', 'SUMBAWA');
INSERT INTO ms_kota (kotaid, kota_propid, kota_deskripsi) VALUES ('52.05.00.0000', '52.00.00.0000', 'DOMPU');
INSERT INTO ms_kota (kotaid, kota_propid, kota_deskripsi) VALUES ('52.06.00.0000', '52.00.00.0000', 'BIMA');
INSERT INTO ms_kota (kotaid, kota_propid, kota_deskripsi) VALUES ('52.07.00.0000', '52.00.00.0000', 'SUMBAWA BARAT');
INSERT INTO ms_kota (kotaid, kota_propid, kota_deskripsi) VALUES ('52.71.00.0000', '52.00.00.0000', 'MATARAM');
INSERT INTO ms_kota (kotaid, kota_propid, kota_deskripsi) VALUES ('53.02.00.0000', '53.00.00.0000', 'TIMOR TENGAH SELATAN');
INSERT INTO ms_kota (kotaid, kota_propid, kota_deskripsi) VALUES ('53.03.00.0000', '53.00.00.0000', 'TIMOR TENGAH  UTARA');
INSERT INTO ms_kota (kotaid, kota_propid, kota_deskripsi) VALUES ('53.04.00.0000', '53.00.00.0000', 'B E L U');
INSERT INTO ms_kota (kotaid, kota_propid, kota_deskripsi) VALUES ('53.05.00.0000', '53.00.00.0000', 'ALOR');
INSERT INTO ms_kota (kotaid, kota_propid, kota_deskripsi) VALUES ('53.06.00.0000', '53.00.00.0000', 'FLORES TIMUR');
INSERT INTO ms_kota (kotaid, kota_propid, kota_deskripsi) VALUES ('53.07.00.0000', '53.00.00.0000', 'SIKKA');
INSERT INTO ms_kota (kotaid, kota_propid, kota_deskripsi) VALUES ('53.08.00.0000', '53.00.00.0000', 'ENDE');
INSERT INTO ms_kota (kotaid, kota_propid, kota_deskripsi) VALUES ('53.09.00.0000', '53.00.00.0000', 'NGADA');
INSERT INTO ms_kota (kotaid, kota_propid, kota_deskripsi) VALUES ('53.10.00.0000', '53.00.00.0000', 'MANGGARAI');
INSERT INTO ms_kota (kotaid, kota_propid, kota_deskripsi) VALUES ('53.11.00.0000', '53.00.00.0000', 'SUMBA TIMUR');
INSERT INTO ms_kota (kotaid, kota_propid, kota_deskripsi) VALUES ('53.12.00.0000', '53.00.00.0000', 'SUMBA BARAT');
INSERT INTO ms_kota (kotaid, kota_propid, kota_deskripsi) VALUES ('53.13.00.0000', '53.00.00.0000', 'LEMBATA.');
INSERT INTO ms_kota (kotaid, kota_propid, kota_deskripsi) VALUES ('53.14.00.0000', '53.00.00.0000', 'ROTE NDAO');
INSERT INTO ms_kota (kotaid, kota_propid, kota_deskripsi) VALUES ('53.15.00.0000', '53.00.00.0000', 'MANGGARAI BARAT');
INSERT INTO ms_kota (kotaid, kota_propid, kota_deskripsi) VALUES ('53.71.00.0000', '53.00.00.0000', 'KUPANG');
INSERT INTO ms_kota (kotaid, kota_propid, kota_deskripsi) VALUES ('61.01.00.0000', '61.00.00.0000', 'SEKADAU');
INSERT INTO ms_kota (kotaid, kota_propid, kota_deskripsi) VALUES ('61.03.00.0000', '61.00.00.0000', 'SANGGAU');
INSERT INTO ms_kota (kotaid, kota_propid, kota_deskripsi) VALUES ('61.04.00.0000', '61.00.00.0000', 'KETAPANG');
INSERT INTO ms_kota (kotaid, kota_propid, kota_deskripsi) VALUES ('61.05.00.0000', '61.00.00.0000', 'SINTANG');
INSERT INTO ms_kota (kotaid, kota_propid, kota_deskripsi) VALUES ('61.06.00.0000', '61.00.00.0000', 'KAPUAS HULU');
INSERT INTO ms_kota (kotaid, kota_propid, kota_deskripsi) VALUES ('61.07.00.0000', '61.00.00.0000', 'BENGKAYANG');
INSERT INTO ms_kota (kotaid, kota_propid, kota_deskripsi) VALUES ('61.08.00.0000', '61.00.00.0000', 'LANDAK');
INSERT INTO ms_kota (kotaid, kota_propid, kota_deskripsi) VALUES ('61.09.00.0000', '61.00.00.0000', 'MELAWI');
INSERT INTO ms_kota (kotaid, kota_propid, kota_deskripsi) VALUES ('61.71.00.0000', '61.00.00.0000', 'PONTIANAK');
INSERT INTO ms_kota (kotaid, kota_propid, kota_deskripsi) VALUES ('61.72.00.0000', '61.00.00.0000', 'SINGKAWANG');
INSERT INTO ms_kota (kotaid, kota_propid, kota_deskripsi) VALUES ('62.01.00.0000', '62.00.00.0000', 'PATEN KOTA WARINGIN BARAT');
INSERT INTO ms_kota (kotaid, kota_propid, kota_deskripsi) VALUES ('62.02.00.0000', '62.00.00.0000', 'PATEN KOTA WARINGIN TIMUR');
INSERT INTO ms_kota (kotaid, kota_propid, kota_deskripsi) VALUES ('62.03.00.0000', '62.00.00.0000', 'KAPUAS');
INSERT INTO ms_kota (kotaid, kota_propid, kota_deskripsi) VALUES ('62.04.00.0000', '62.00.00.0000', 'BARITO SELATAN');
INSERT INTO ms_kota (kotaid, kota_propid, kota_deskripsi) VALUES ('62.05.00.0000', '62.00.00.0000', 'BARITO UTARA');
INSERT INTO ms_kota (kotaid, kota_propid, kota_deskripsi) VALUES ('62.06.00.0000', '62.00.00.0000', 'KATINGAN');
INSERT INTO ms_kota (kotaid, kota_propid, kota_deskripsi) VALUES ('62.07.00.0000', '62.00.00.0000', 'SERUYAN');
INSERT INTO ms_kota (kotaid, kota_propid, kota_deskripsi) VALUES ('62.08.00.0000', '62.00.00.0000', 'SUKAMARA');
INSERT INTO ms_kota (kotaid, kota_propid, kota_deskripsi) VALUES ('62.09.00.0000', '62.00.00.0000', 'LAMANDAU');
INSERT INTO ms_kota (kotaid, kota_propid, kota_deskripsi) VALUES ('62.10.00.0000', '62.00.00.0000', 'GUNUNG MAS');
INSERT INTO ms_kota (kotaid, kota_propid, kota_deskripsi) VALUES ('62.11.00.0000', '62.00.00.0000', 'PULANG PISAU');
INSERT INTO ms_kota (kotaid, kota_propid, kota_deskripsi) VALUES ('62.12.00.0000', '62.00.00.0000', 'MURUNG RAYA');
INSERT INTO ms_kota (kotaid, kota_propid, kota_deskripsi) VALUES ('62.13.00.0000', '62.00.00.0000', 'BARITO TIMUR');
INSERT INTO ms_kota (kotaid, kota_propid, kota_deskripsi) VALUES ('62.71.00.0000', '62.00.00.0000', 'PALANGKARAYA');
INSERT INTO ms_kota (kotaid, kota_propid, kota_deskripsi) VALUES ('63.01.00.0000', '63.00.00.0000', 'TANAH LAUT');
INSERT INTO ms_kota (kotaid, kota_propid, kota_deskripsi) VALUES ('63.02.00.0000', '63.00.00.0000', 'PATEN KOTA BARU');
INSERT INTO ms_kota (kotaid, kota_propid, kota_deskripsi) VALUES ('63.03.00.0000', '63.00.00.0000', 'BANJAR');
INSERT INTO ms_kota (kotaid, kota_propid, kota_deskripsi) VALUES ('63.04.00.0000', '63.00.00.0000', 'BARITO KUALA');
INSERT INTO ms_kota (kotaid, kota_propid, kota_deskripsi) VALUES ('63.05.00.0000', '63.00.00.0000', 'TAPIN');
INSERT INTO ms_kota (kotaid, kota_propid, kota_deskripsi) VALUES ('63.06.00.0000', '63.00.00.0000', 'HULU SUNGAI SELATAN');
INSERT INTO ms_kota (kotaid, kota_propid, kota_deskripsi) VALUES ('63.07.00.0000', '63.00.00.0000', 'HULU SUNGAI TENGAH');
INSERT INTO ms_kota (kotaid, kota_propid, kota_deskripsi) VALUES ('63.08.00.0000', '63.00.00.0000', 'HULU SUNGAI UTARA');
INSERT INTO ms_kota (kotaid, kota_propid, kota_deskripsi) VALUES ('63.09.00.0000', '63.00.00.0000', 'TABALONG');
INSERT INTO ms_kota (kotaid, kota_propid, kota_deskripsi) VALUES ('63.10.00.0000', '63.00.00.0000', 'TANAH BUMBU');
INSERT INTO ms_kota (kotaid, kota_propid, kota_deskripsi) VALUES ('63.11.00.0000', '63.00.00.0000', 'BALANGAN');
INSERT INTO ms_kota (kotaid, kota_propid, kota_deskripsi) VALUES ('63.71.00.0000', '63.00.00.0000', 'BANJARMASIN');
INSERT INTO ms_kota (kotaid, kota_propid, kota_deskripsi) VALUES ('63.72.00.0000', '63.00.00.0000', 'BANJAR BARU');
INSERT INTO ms_kota (kotaid, kota_propid, kota_deskripsi) VALUES ('64.01.00.0000', '64.00.00.0000', 'PASIR');
INSERT INTO ms_kota (kotaid, kota_propid, kota_deskripsi) VALUES ('64.02.00.0000', '64.00.00.0000', 'KUTAI KARTANEGARA');
INSERT INTO ms_kota (kotaid, kota_propid, kota_deskripsi) VALUES ('64.03.00.0000', '64.00.00.0000', 'BERAU');
INSERT INTO ms_kota (kotaid, kota_propid, kota_deskripsi) VALUES ('64.04.00.0000', '64.00.00.0000', 'BULUNGAN');
INSERT INTO ms_kota (kotaid, kota_propid, kota_deskripsi) VALUES ('64.05.00.0000', '64.00.00.0000', 'NUNUKAN');
INSERT INTO ms_kota (kotaid, kota_propid, kota_deskripsi) VALUES ('64.06.00.0000', '64.00.00.0000', 'MALINAU');
INSERT INTO ms_kota (kotaid, kota_propid, kota_deskripsi) VALUES ('64.07.00.0000', '64.00.00.0000', 'KUTAI BARAT');
INSERT INTO ms_kota (kotaid, kota_propid, kota_deskripsi) VALUES ('64.08.00.0000', '64.00.00.0000', 'KUTAI TIMUR');
INSERT INTO ms_kota (kotaid, kota_propid, kota_deskripsi) VALUES ('64.09.00.0000', '64.00.00.0000', 'PENAJAM PASER UTARA');
INSERT INTO ms_kota (kotaid, kota_propid, kota_deskripsi) VALUES ('64.71.00.0000', '64.00.00.0000', 'BALIKPAPAN');
INSERT INTO ms_kota (kotaid, kota_propid, kota_deskripsi) VALUES ('64.72.00.0000', '64.00.00.0000', 'SAMARINDA');
INSERT INTO ms_kota (kotaid, kota_propid, kota_deskripsi) VALUES ('64.73.00.0000', '64.00.00.0000', 'TARAKAN');
INSERT INTO ms_kota (kotaid, kota_propid, kota_deskripsi) VALUES ('64.74.00.0000', '64.00.00.0000', 'BONTANG');
INSERT INTO ms_kota (kotaid, kota_propid, kota_deskripsi) VALUES ('71.01.00.0000', '71.00.00.0000', 'KAB. BOLOANG MONGONDOW');
INSERT INTO ms_kota (kotaid, kota_propid, kota_deskripsi) VALUES ('71.02.00.0000', '71.00.00.0000', 'KAB. MINAHASA');
INSERT INTO ms_kota (kotaid, kota_propid, kota_deskripsi) VALUES ('71.03.00.0000', '71.00.00.0000', 'KAB. KEPULAUAN SANGIHE');
INSERT INTO ms_kota (kotaid, kota_propid, kota_deskripsi) VALUES ('71.04.00.0000', '71.00.00.0000', 'KAB. KEPULAUAN TALAUD');
INSERT INTO ms_kota (kotaid, kota_propid, kota_deskripsi) VALUES ('71.05.00.0000', '71.00.00.0000', 'KAB. MINAHASA SELATAN');
INSERT INTO ms_kota (kotaid, kota_propid, kota_deskripsi) VALUES ('71.71.00.0000', '71.00.00.0000', 'MANADO');
INSERT INTO ms_kota (kotaid, kota_propid, kota_deskripsi) VALUES ('71.72.00.0000', '71.00.00.0000', 'BITUNG');
INSERT INTO ms_kota (kotaid, kota_propid, kota_deskripsi) VALUES ('71.73.00.0000', '71.00.00.0000', 'TOMOHON');
INSERT INTO ms_kota (kotaid, kota_propid, kota_deskripsi) VALUES ('72.01.00.0000', '72.00.00.0000', 'BANGGAI');
INSERT INTO ms_kota (kotaid, kota_propid, kota_deskripsi) VALUES ('72.02.00.0000', '72.00.00.0000', 'POSO');
INSERT INTO ms_kota (kotaid, kota_propid, kota_deskripsi) VALUES ('72.03.00.0000', '72.00.00.0000', 'DONGGALA');
INSERT INTO ms_kota (kotaid, kota_propid, kota_deskripsi) VALUES ('72.04.00.0000', '72.00.00.0000', 'TOLI TOLI');
INSERT INTO ms_kota (kotaid, kota_propid, kota_deskripsi) VALUES ('72.05.00.0000', '72.00.00.0000', 'BANGGAI KEPULAUAN');
INSERT INTO ms_kota (kotaid, kota_propid, kota_deskripsi) VALUES ('72.06.00.0000', '72.00.00.0000', 'MOROWALI');
INSERT INTO ms_kota (kotaid, kota_propid, kota_deskripsi) VALUES ('72.07.00.0000', '72.00.00.0000', 'BUOL');
INSERT INTO ms_kota (kotaid, kota_propid, kota_deskripsi) VALUES ('72.08.00.0000', '72.00.00.0000', 'PARIGI MOUTONG');
INSERT INTO ms_kota (kotaid, kota_propid, kota_deskripsi) VALUES ('72.09.00.0000', '72.00.00.0000', 'TOJO UNA UNA');
INSERT INTO ms_kota (kotaid, kota_propid, kota_deskripsi) VALUES ('72.71.00.0000', '72.00.00.0000', 'PALU');
INSERT INTO ms_kota (kotaid, kota_propid, kota_deskripsi) VALUES ('73.01.00.0000', '73.00.00.0000', 'SELAYAR');
INSERT INTO ms_kota (kotaid, kota_propid, kota_deskripsi) VALUES ('73.02.00.0000', '73.00.00.0000', 'BULUKUMBA');
INSERT INTO ms_kota (kotaid, kota_propid, kota_deskripsi) VALUES ('73.03.00.0000', '73.00.00.0000', 'BANTAENG');
INSERT INTO ms_kota (kotaid, kota_propid, kota_deskripsi) VALUES ('73.04.00.0000', '73.00.00.0000', 'JENEPONTO');
INSERT INTO ms_kota (kotaid, kota_propid, kota_deskripsi) VALUES ('73.05.00.0000', '73.00.00.0000', 'TAKALAR');
INSERT INTO ms_kota (kotaid, kota_propid, kota_deskripsi) VALUES ('73.06.00.0000', '73.00.00.0000', 'GOWA');
INSERT INTO ms_kota (kotaid, kota_propid, kota_deskripsi) VALUES ('73.07.00.0000', '73.00.00.0000', 'SINJAI');
INSERT INTO ms_kota (kotaid, kota_propid, kota_deskripsi) VALUES ('74.01.00.0000', '74.00.00.0000', 'KOLAKA');
INSERT INTO ms_kota (kotaid, kota_propid, kota_deskripsi) VALUES ('74.02.00.0000', '74.00.00.0000', 'KENDARI');
INSERT INTO ms_kota (kotaid, kota_propid, kota_deskripsi) VALUES ('74.03.00.0000', '74.00.00.0000', 'MUNA');
INSERT INTO ms_kota (kotaid, kota_propid, kota_deskripsi) VALUES ('74.04.00.0000', '74.00.00.0000', 'BUTON');
INSERT INTO ms_kota (kotaid, kota_propid, kota_deskripsi) VALUES ('74.05.00.0000', '74.00.00.0000', 'KONAWE SELATAN');
INSERT INTO ms_kota (kotaid, kota_propid, kota_deskripsi) VALUES ('74.06.00.0000', '74.00.00.0000', 'BOMBANA');
INSERT INTO ms_kota (kotaid, kota_propid, kota_deskripsi) VALUES ('74.07.00.0000', '74.00.00.0000', 'WAKATOBI');
INSERT INTO ms_kota (kotaid, kota_propid, kota_deskripsi) VALUES ('74.08.00.0000', '74.00.00.0000', 'KOLAKA TIMUR');
INSERT INTO ms_kota (kotaid, kota_propid, kota_deskripsi) VALUES ('74.71.00.0000', '74.00.00.0000', 'KENDARI');
INSERT INTO ms_kota (kotaid, kota_propid, kota_deskripsi) VALUES ('74.72.00.0000', '74.00.00.0000', 'BAU BAU');
INSERT INTO ms_kota (kotaid, kota_propid, kota_deskripsi) VALUES ('75.02.00.0000', '75.00.00.0000', 'BOALEMO');
INSERT INTO ms_kota (kotaid, kota_propid, kota_deskripsi) VALUES ('75.03.00.0000', '75.00.00.0000', 'BONE BOLANGO');
INSERT INTO ms_kota (kotaid, kota_propid, kota_deskripsi) VALUES ('75.04.00.0000', '75.00.00.0000', 'POHUWATO');
INSERT INTO ms_kota (kotaid, kota_propid, kota_deskripsi) VALUES ('75.71.00.0000', '75.00.00.0000', 'GORONTALO');
INSERT INTO ms_kota (kotaid, kota_propid, kota_deskripsi) VALUES ('81.01.00.0000', '81.00.00.0000', 'MALUKU TENGGARA  BARAT');
INSERT INTO ms_kota (kotaid, kota_propid, kota_deskripsi) VALUES ('81.02.00.0000', '81.00.00.0000', 'MALUKU TENGGARA');
INSERT INTO ms_kota (kotaid, kota_propid, kota_deskripsi) VALUES ('81.03.00.0000', '81.00.00.0000', 'MALUKU TENGAH');
INSERT INTO ms_kota (kotaid, kota_propid, kota_deskripsi) VALUES ('81.04.00.0000', '81.00.00.0000', 'BURU');
INSERT INTO ms_kota (kotaid, kota_propid, kota_deskripsi) VALUES ('81.05.00.0000', '81.00.00.0000', 'SERAM BAGIAN BARAT');
INSERT INTO ms_kota (kotaid, kota_propid, kota_deskripsi) VALUES ('81.06.00.0000', '81.00.00.0000', 'SERAM BAGIAN TIMUR');
INSERT INTO ms_kota (kotaid, kota_propid, kota_deskripsi) VALUES ('81.07.00.0000', '81.00.00.0000', 'KEPULAUAN ARU');
INSERT INTO ms_kota (kotaid, kota_propid, kota_deskripsi) VALUES ('81.71.00.0000', '81.00.00.0000', 'AMBON');
INSERT INTO ms_kota (kotaid, kota_propid, kota_deskripsi) VALUES ('82.01.00.0000', '82.00.00.0000', 'MALUKU UTARA');
INSERT INTO ms_kota (kotaid, kota_propid, kota_deskripsi) VALUES ('82.02.00.0000', '82.00.00.0000', 'HALMAHERA TENGAH');
INSERT INTO ms_kota (kotaid, kota_propid, kota_deskripsi) VALUES ('82.03.00.0000', '82.00.00.0000', 'HALMAHERA UTARA');
INSERT INTO ms_kota (kotaid, kota_propid, kota_deskripsi) VALUES ('82.04.00.0000', '82.00.00.0000', 'HALMAHERA SELATAN');
INSERT INTO ms_kota (kotaid, kota_propid, kota_deskripsi) VALUES ('82.05.00.0000', '82.00.00.0000', 'KEPULAUAN SULA');
INSERT INTO ms_kota (kotaid, kota_propid, kota_deskripsi) VALUES ('82.06.00.0000', '82.00.00.0000', 'HALMAHERA TIMUR');
INSERT INTO ms_kota (kotaid, kota_propid, kota_deskripsi) VALUES ('82.07.00.0000', '82.00.00.0000', 'TIDORE KEPULAUAN');
INSERT INTO ms_kota (kotaid, kota_propid, kota_deskripsi) VALUES ('82.71.00.0000', '82.00.00.0000', 'TERNATE');
INSERT INTO ms_kota (kotaid, kota_propid, kota_deskripsi) VALUES ('91.01.00.0000', '91.00.00.0000', 'PUNCAK JAYA');
INSERT INTO ms_kota (kotaid, kota_propid, kota_deskripsi) VALUES ('91.02.00.0000', '91.00.00.0000', 'WAROPEN');
INSERT INTO ms_kota (kotaid, kota_propid, kota_deskripsi) VALUES ('91.04.00.0000', '91.00.00.0000', 'NABIRE ');
INSERT INTO ms_kota (kotaid, kota_propid, kota_deskripsi) VALUES ('91.05.00.0000', '91.00.00.0000', 'FAK FAK ');
INSERT INTO ms_kota (kotaid, kota_propid, kota_deskripsi) VALUES ('91.06.00.0000', '91.00.00.0000', 'SORONG ');
INSERT INTO ms_kota (kotaid, kota_propid, kota_deskripsi) VALUES ('91.07.00.0000', '91.00.00.0000', 'MANOKWARI');
INSERT INTO ms_kota (kotaid, kota_propid, kota_deskripsi) VALUES ('91.08.00.0000', '91.00.00.0000', 'YAPEN WAROPEN');
INSERT INTO ms_kota (kotaid, kota_propid, kota_deskripsi) VALUES ('91.09.00.0000', '91.00.00.0000', 'BIAK NUMFOR');
INSERT INTO ms_kota (kotaid, kota_propid, kota_deskripsi) VALUES ('91.11.00.0000', '91.00.00.0000', 'PANIAI');
INSERT INTO ms_kota (kotaid, kota_propid, kota_deskripsi) VALUES ('91.12.00.0000', '91.00.00.0000', 'MIMIKA');
INSERT INTO ms_kota (kotaid, kota_propid, kota_deskripsi) VALUES ('91.13.00.0000', '91.00.00.0000', 'SARMI');
INSERT INTO ms_kota (kotaid, kota_propid, kota_deskripsi) VALUES ('91.14.00.0000', '91.00.00.0000', 'KEEROM');
INSERT INTO ms_kota (kotaid, kota_propid, kota_deskripsi) VALUES ('91.15.00.0000', '91.00.00.0000', 'SORONG SELATAN');
INSERT INTO ms_kota (kotaid, kota_propid, kota_deskripsi) VALUES ('91.16.00.0000', '91.00.00.0000', 'RAJA AMPAT');
INSERT INTO ms_kota (kotaid, kota_propid, kota_deskripsi) VALUES ('91.17.00.0000', '91.00.00.0000', 'PEGUNUNGAN BINTANG');
INSERT INTO ms_kota (kotaid, kota_propid, kota_deskripsi) VALUES ('91.18.00.0000', '91.00.00.0000', 'YAHUKIMO  ');
INSERT INTO ms_kota (kotaid, kota_propid, kota_deskripsi) VALUES ('91.19.00.0000', '91.00.00.0000', 'TOLIKARA');
INSERT INTO ms_kota (kotaid, kota_propid, kota_deskripsi) VALUES ('91.21.00.0000', '91.00.00.0000', 'KAIMANA');
INSERT INTO ms_kota (kotaid, kota_propid, kota_deskripsi) VALUES ('91.22.00.0000', '91.00.00.0000', 'BOVEN DIGUL');
INSERT INTO ms_kota (kotaid, kota_propid, kota_deskripsi) VALUES ('91.23.00.0000', '91.00.00.0000', 'MAPPI');
INSERT INTO ms_kota (kotaid, kota_propid, kota_deskripsi) VALUES ('91.24.00.0000', '91.00.00.0000', 'ASMAT');
INSERT INTO ms_kota (kotaid, kota_propid, kota_deskripsi) VALUES ('91.25.00.0000', '91.00.00.0000', 'SUPIORI');
INSERT INTO ms_kota (kotaid, kota_propid, kota_deskripsi) VALUES ('91.26.00.0000', '91.00.00.0000', 'TELUK WONDAMA');
INSERT INTO ms_kota (kotaid, kota_propid, kota_deskripsi) VALUES ('91.71.00.0000', '91.00.00.0000', 'JAYAPURA');
INSERT INTO ms_kota (kotaid, kota_propid, kota_deskripsi) VALUES ('92.05.00.0000', '92.00.00.0000', 'FAK FAK ');
INSERT INTO ms_kota (kotaid, kota_propid, kota_deskripsi) VALUES ('92.06.00.0000', '92.00.00.0000', 'SORONG ');
INSERT INTO ms_kota (kotaid, kota_propid, kota_deskripsi) VALUES ('92.07.00.0000', '92.00.00.0000', 'MANOKWARI');
INSERT INTO ms_kota (kotaid, kota_propid, kota_deskripsi) VALUES ('92.15.00.0000', '92.00.00.0000', 'SORONG SELATAN');
INSERT INTO ms_kota (kotaid, kota_propid, kota_deskripsi) VALUES ('92.16.00.0000', '92.00.00.0000', 'RAJA AMPAT');
INSERT INTO ms_kota (kotaid, kota_propid, kota_deskripsi) VALUES ('92.21.00.0000', '92.00.00.0000', 'KAIMANA');
INSERT INTO ms_kota (kotaid, kota_propid, kota_deskripsi) VALUES ('92.25.00.0000', '92.00.00.0000', 'TELUK BINTUNI');
INSERT INTO ms_kota (kotaid, kota_propid, kota_deskripsi) VALUES ('92.26.00.0000', '92.00.00.0000', 'TELUK WONDAMA');
INSERT INTO ms_kota (kotaid, kota_propid, kota_deskripsi) VALUES ('17.06.00.0000', '17.00.00.0000', 'KAUR');


--
-- TOC entry 2831 (class 0 OID 73310)
-- Dependencies: 246
-- Data for Name: ms_leasing; Type: TABLE DATA; Schema: public; Owner: postgres
--



--
-- TOC entry 2757 (class 0 OID 72733)
-- Dependencies: 172
-- Data for Name: ms_menu; Type: TABLE DATA; Schema: public; Owner: postgres
--

INSERT INTO ms_menu (menuid, menu_nama, menu_url, menu_deskripsi, menu_parent_id, menu_urut, menu_status, menu_icon, menu_module) VALUES (33, 'Data Kendaraan', 'master_service/dataKendaraan', 'service - master - data kendaraan', 13, 29, 0, '', 4);
INSERT INTO ms_menu (menuid, menu_nama, menu_url, menu_deskripsi, menu_parent_id, menu_urut, menu_status, menu_icon, menu_module) VALUES (26, 'Flate Rate', 'master_service/flateRate', 'service - master - flate rate', 13, 26, 0, '', 4);
INSERT INTO ms_menu (menuid, menu_nama, menu_url, menu_deskripsi, menu_parent_id, menu_urut, menu_status, menu_icon, menu_module) VALUES (52, 'Inventory', 'master_sparepart/inventory', 'sparepart - master - inventory', 19, 52, 0, '', 3);
INSERT INTO ms_menu (menuid, menu_nama, menu_url, menu_deskripsi, menu_parent_id, menu_urut, menu_status, menu_icon, menu_module) VALUES (53, 'Spesial Item', 'master_sparepart/spesialItem', 'sparepart - master - spesial item', 19, 53, 0, '', 3);
INSERT INTO ms_menu (menuid, menu_nama, menu_url, menu_deskripsi, menu_parent_id, menu_urut, menu_status, menu_icon, menu_module) VALUES (64, 'Gudang', 'master_sparepart/gudang', 'sparepart - master - gudang', 19, 50, 0, '', 3);
INSERT INTO ms_menu (menuid, menu_nama, menu_url, menu_deskripsi, menu_parent_id, menu_urut, menu_status, menu_icon, menu_module) VALUES (54, 'Upload Price List', 'master_sparepart/uploadPriceList', 'sparepart - master - upload price list', 19, 54, 0, '', 3);
INSERT INTO ms_menu (menuid, menu_nama, menu_url, menu_deskripsi, menu_parent_id, menu_urut, menu_status, menu_icon, menu_module) VALUES (6, 'Admin', 'admin', 'admin', -1, 6, 0, 'ace-icon glyphicon glyphicon-user', 6);
INSERT INTO ms_menu (menuid, menu_nama, menu_url, menu_deskripsi, menu_parent_id, menu_urut, menu_status, menu_icon, menu_module) VALUES (9, 'Cabang', 'admin/cabang', 'admin - cabang', 6, 9, 0, 'ace-icon fa fa-cog', 6);
INSERT INTO ms_menu (menuid, menu_nama, menu_url, menu_deskripsi, menu_parent_id, menu_urut, menu_status, menu_icon, menu_module) VALUES (23, 'Data Karyawan', 'admin/dataKaryawan', 'admin - data karyawan', 12, 23, 0, '', 6);
INSERT INTO ms_menu (menuid, menu_nama, menu_url, menu_deskripsi, menu_parent_id, menu_urut, menu_status, menu_icon, menu_module) VALUES (21, 'Departemen', 'admin/departemen', 'admin - departemen', 6, 10, 0, 'ace-icon glyphicon glyphicon-signal', 6);
INSERT INTO ms_menu (menuid, menu_nama, menu_url, menu_deskripsi, menu_parent_id, menu_urut, menu_status, menu_icon, menu_module) VALUES (22, 'Jabatan', 'admin/jabatan', 'admin - jabatan', 12, 22, 0, '', 6);
INSERT INTO ms_menu (menuid, menu_nama, menu_url, menu_deskripsi, menu_parent_id, menu_urut, menu_status, menu_icon, menu_module) VALUES (12, 'Karyawan', 'admin/karyawan', 'admin - karyawan', 6, 12, 0, 'ace-icon glyphicon glyphicon-user', 6);
INSERT INTO ms_menu (menuid, menu_nama, menu_url, menu_deskripsi, menu_parent_id, menu_urut, menu_status, menu_icon, menu_module) VALUES (7, 'Menu', 'admin/menu', 'admin - menu', 6, 7, 0, 'ace-icon fa fa-folder', 6);
INSERT INTO ms_menu (menuid, menu_nama, menu_url, menu_deskripsi, menu_parent_id, menu_urut, menu_status, menu_icon, menu_module) VALUES (8, 'Menu', 'admin/menu', 'admin - menu - menu', 7, 8, 0, '', 6);
INSERT INTO ms_menu (menuid, menu_nama, menu_url, menu_deskripsi, menu_parent_id, menu_urut, menu_status, menu_icon, menu_module) VALUES (11, 'Role Menu', 'admin/role', 'admin - menu - role menu', 7, 11, 0, '', 6);
INSERT INTO ms_menu (menuid, menu_nama, menu_url, menu_deskripsi, menu_parent_id, menu_urut, menu_status, menu_icon, menu_module) VALUES (20, 'Perusahaan', 'admin/perusahaan', 'admin - perusahaan', 6, 9, 0, 'ace-icon glyphicon glyphicon-plus', 6);
INSERT INTO ms_menu (menuid, menu_nama, menu_url, menu_deskripsi, menu_parent_id, menu_urut, menu_status, menu_icon, menu_module) VALUES (1, 'Home', 'welcome/home', 'home', -1, 1, 0, 'ace-icon fa fa-home home-icon', 1);
INSERT INTO ms_menu (menuid, menu_nama, menu_url, menu_deskripsi, menu_parent_id, menu_urut, menu_status, menu_icon, menu_module) VALUES (4, 'Service', 'service', 'service', -1, 4, 0, 'ace-icon fa fa-gavel bigger-100', 4);
INSERT INTO ms_menu (menuid, menu_nama, menu_url, menu_deskripsi, menu_parent_id, menu_urut, menu_status, menu_icon, menu_module) VALUES (18, 'Laporan', '', 'service - laporan', 4, 18, 0, 'ace-icon glyphicon glyphicon-book', 4);
INSERT INTO ms_menu (menuid, menu_nama, menu_url, menu_deskripsi, menu_parent_id, menu_urut, menu_status, menu_icon, menu_module) VALUES (41, 'Agenda Faktur Svc', 'laporan_service/agendaFaktur', 'service - laporan - agenda faktur service', 18, 41, 0, '', 4);
INSERT INTO ms_menu (menuid, menu_nama, menu_url, menu_deskripsi, menu_parent_id, menu_urut, menu_status, menu_icon, menu_module) VALUES (40, 'Agenda Wo', 'laporan_service/agendaWo', 'service - laporan - agenda wo', 18, 40, 0, '', 4);
INSERT INTO ms_menu (menuid, menu_nama, menu_url, menu_deskripsi, menu_parent_id, menu_urut, menu_status, menu_icon, menu_module) VALUES (47, 'Faktur Belum Dicetak', 'laporan_service/fakturBelumDicetak', 'service - laporan - faktur belum dicetak', 18, 47, 0, '', 4);
INSERT INTO ms_menu (menuid, menu_nama, menu_url, menu_deskripsi, menu_parent_id, menu_urut, menu_status, menu_icon, menu_module) VALUES (46, 'Produktifitas Mekank', 'laporan_service/produktifitasMekanik', 'service - laporan - produktifitasMekanik', 18, 46, 0, '', 4);
INSERT INTO ms_menu (menuid, menu_nama, menu_url, menu_deskripsi, menu_parent_id, menu_urut, menu_status, menu_icon, menu_module) VALUES (44, 'SSDR', 'laporan_service/ssdr', 'service - laporan - ssdr', 18, 44, 0, '', 4);
INSERT INTO ms_menu (menuid, menu_nama, menu_url, menu_deskripsi, menu_parent_id, menu_urut, menu_status, menu_icon, menu_module) VALUES (45, 'SSDR Plus Hpp', 'laporan_service/ssdrPlusHpp', 'service - laporan - ssdr plus hpp', 18, 45, 0, '', 4);
INSERT INTO ms_menu (menuid, menu_nama, menu_url, menu_deskripsi, menu_parent_id, menu_urut, menu_status, menu_icon, menu_module) VALUES (42, 'Status Wo', 'laporan_service/statusWo', 'service - laporan - status wo', 18, 42, 0, '', 4);
INSERT INTO ms_menu (menuid, menu_nama, menu_url, menu_deskripsi, menu_parent_id, menu_urut, menu_status, menu_icon, menu_module) VALUES (43, 'Wo Belum Ditutup', 'laporan_service/woBelumDitutup', 'service - laporan - wo belum ditutup', 18, 43, 0, '', 4);
INSERT INTO ms_menu (menuid, menu_nama, menu_url, menu_deskripsi, menu_parent_id, menu_urut, menu_status, menu_icon, menu_module) VALUES (13, 'Master', 'master_service', 'service - master', 4, 13, 0, 'ace-icon fa fa-folder', 4);
INSERT INTO ms_menu (menuid, menu_nama, menu_url, menu_deskripsi, menu_parent_id, menu_urut, menu_status, menu_icon, menu_module) VALUES (30, 'Absensi Mekanik', 'master_service/absensiMekanik', 'service - master - absensi mekanik', 13, 30, 0, '', 4);
INSERT INTO ms_menu (menuid, menu_nama, menu_url, menu_deskripsi, menu_parent_id, menu_urut, menu_status, menu_icon, menu_module) VALUES (48, 'Basic Rate', 'master_service/basicRate', 'service - master - basic rate', 13, 25, 0, '', 4);
INSERT INTO ms_menu (menuid, menu_nama, menu_url, menu_deskripsi, menu_parent_id, menu_urut, menu_status, menu_icon, menu_module) VALUES (27, 'Free Service', 'master_service/freeService', 'service - master - free service', 13, 27, 0, '', 4);
INSERT INTO ms_menu (menuid, menu_nama, menu_url, menu_deskripsi, menu_parent_id, menu_urut, menu_status, menu_icon, menu_module) VALUES (28, 'Pelanggan', 'master_service/pelanggan', 'service - master - pelanggan', 13, 28, 0, '', 4);
INSERT INTO ms_menu (menuid, menu_nama, menu_url, menu_deskripsi, menu_parent_id, menu_urut, menu_status, menu_icon, menu_module) VALUES (32, 'Promosi', 'master_service/promosi', 'service - master - promosi', 13, 32, 0, '', 4);
INSERT INTO ms_menu (menuid, menu_nama, menu_url, menu_deskripsi, menu_parent_id, menu_urut, menu_status, menu_icon, menu_module) VALUES (31, 'Stall', 'master_service/stall', 'service - master - stall', 13, 31, 0, '', 4);
INSERT INTO ms_menu (menuid, menu_nama, menu_url, menu_deskripsi, menu_parent_id, menu_urut, menu_status, menu_icon, menu_module) VALUES (29, 'Supplier', 'master_service/supplier', 'service - master - supplier', 13, 30, 0, '', 4);
INSERT INTO ms_menu (menuid, menu_nama, menu_url, menu_deskripsi, menu_parent_id, menu_urut, menu_status, menu_icon, menu_module) VALUES (17, 'Transaksi', '', 'service - transaksi', 4, 17, 0, 'ace-icon fa fa-bar-chart-o', 4);
INSERT INTO ms_menu (menuid, menu_nama, menu_url, menu_deskripsi, menu_parent_id, menu_urut, menu_status, menu_icon, menu_module) VALUES (34, 'Booking Service', 'transaksi_service/bookingService', 'service - transaksi - booking service', 17, 34, 0, '', 4);
INSERT INTO ms_menu (menuid, menu_nama, menu_url, menu_deskripsi, menu_parent_id, menu_urut, menu_status, menu_icon, menu_module) VALUES (36, 'Clock on/Off Mekanik', 'transaksi_service/clockOnMekanik', 'service - transaksi - clock on mekanik', 17, 36, 0, '', 4);
INSERT INTO ms_menu (menuid, menu_nama, menu_url, menu_deskripsi, menu_parent_id, menu_urut, menu_status, menu_icon, menu_module) VALUES (39, 'Estimasi Perbaikan', 'transaksi_service/estimasiPerbaikan', 'service - transaksi - estimasi perbaikan', 17, 39, 0, '', 4);
INSERT INTO ms_menu (menuid, menu_nama, menu_url, menu_deskripsi, menu_parent_id, menu_urut, menu_status, menu_icon, menu_module) VALUES (38, 'Faktur Service', 'transaksi_service/fakturService', 'service - transaksi - faktur service', 17, 38, 0, '', 4);
INSERT INTO ms_menu (menuid, menu_nama, menu_url, menu_deskripsi, menu_parent_id, menu_urut, menu_status, menu_icon, menu_module) VALUES (37, 'Lampiran faktur svc', 'transaksi_service/lampiranFaktur', 'service - transaksi - lampiranFaktur', 17, 37, 0, '', 4);
INSERT INTO ms_menu (menuid, menu_nama, menu_url, menu_deskripsi, menu_parent_id, menu_urut, menu_status, menu_icon, menu_module) VALUES (35, 'Work Order', 'transaksi_service/workOrder', 'service - transaksi - work order', 17, 35, 0, '', 4);
INSERT INTO ms_menu (menuid, menu_nama, menu_url, menu_deskripsi, menu_parent_id, menu_urut, menu_status, menu_icon, menu_module) VALUES (60, 'Faktur Sparepart', 'transaksi_sparepart/fakturSparepart', 'sparepart - transaksi - faktur sparepart', 55, 60, 0, '', 3);
INSERT INTO ms_menu (menuid, menu_nama, menu_url, menu_deskripsi, menu_parent_id, menu_urut, menu_status, menu_icon, menu_module) VALUES (19, 'Master', '', 'sparepart - master', 3, 19, 0, 'ace-icon fa fa-folder', 3);
INSERT INTO ms_menu (menuid, menu_nama, menu_url, menu_deskripsi, menu_parent_id, menu_urut, menu_status, menu_icon, menu_module) VALUES (3, 'Sparepart', 'sparepart', 'sparepart', -1, 3, 0, 'ace-icon glyphicon glyphicon-cog', 3);
INSERT INTO ms_menu (menuid, menu_nama, menu_url, menu_deskripsi, menu_parent_id, menu_urut, menu_status, menu_icon, menu_module) VALUES (50, 'Grade Toko', 'master_sparepart/gradeToko', 'sparepart - master - grade toko', 19, 49, 0, '', 3);
INSERT INTO ms_menu (menuid, menu_nama, menu_url, menu_deskripsi, menu_parent_id, menu_urut, menu_status, menu_icon, menu_module) VALUES (49, 'Pelanggan', 'master_sparepart/pelanggan', 'sparepart - master - pelanggan', 19, 49, 0, '', 3);
INSERT INTO ms_menu (menuid, menu_nama, menu_url, menu_deskripsi, menu_parent_id, menu_urut, menu_status, menu_icon, menu_module) VALUES (65, 'Rak', 'master_sparepart/rak', 'sparepart - master - rak', 19, 51, 0, '', 3);
INSERT INTO ms_menu (menuid, menu_nama, menu_url, menu_deskripsi, menu_parent_id, menu_urut, menu_status, menu_icon, menu_module) VALUES (51, 'Supplier', 'master_sparepart/supplier', 'sparepart - master - supplier', 19, 49, 0, '', 3);
INSERT INTO ms_menu (menuid, menu_nama, menu_url, menu_deskripsi, menu_parent_id, menu_urut, menu_status, menu_icon, menu_module) VALUES (55, 'Transaksi', '', 'sparepart - transaksi', 3, 55, 0, 'ace-icon fa fa-bar-chart-o', 3);
INSERT INTO ms_menu (menuid, menu_nama, menu_url, menu_deskripsi, menu_parent_id, menu_urut, menu_status, menu_icon, menu_module) VALUES (62, 'Adjustment Stock', 'transaksi_sparepart/adjustmentStock', 'sparepart - transaksi - adjustment stock', 55, 62, 0, '', 3);
INSERT INTO ms_menu (menuid, menu_nama, menu_url, menu_deskripsi, menu_parent_id, menu_urut, menu_status, menu_icon, menu_module) VALUES (63, 'Claim Barang', 'transaksi_sparepart/claimBarang', 'sparepart - transaksi - claim barang', 55, 63, 0, '', 3);
INSERT INTO ms_menu (menuid, menu_nama, menu_url, menu_deskripsi, menu_parent_id, menu_urut, menu_status, menu_icon, menu_module) VALUES (56, 'Laporan', '', 'sparepart - laporan', 3, 56, 0, 'ace-icon glyphicon glyphicon-book', 3);
INSERT INTO ms_menu (menuid, menu_nama, menu_url, menu_deskripsi, menu_parent_id, menu_urut, menu_status, menu_icon, menu_module) VALUES (57, 'Penerimaan Barang', 'transaksi_sparepart/penerimaanBarang', 'sparepart - transaksi - penerimaan barang', 55, 57, 0, '', 3);
INSERT INTO ms_menu (menuid, menu_nama, menu_url, menu_deskripsi, menu_parent_id, menu_urut, menu_status, menu_icon, menu_module) VALUES (58, 'Retur Pembelian', 'transaksi_sparepart/returPembelian', 'sparepart - transaksi - retur pembelian', 55, 58, 0, '', 3);
INSERT INTO ms_menu (menuid, menu_nama, menu_url, menu_deskripsi, menu_parent_id, menu_urut, menu_status, menu_icon, menu_module) VALUES (61, 'Retur Penjualan', 'transaksi_sparepart/returPenjualan', 'sparepart - transaksi - retur penjualan', 55, 61, 0, '', 3);
INSERT INTO ms_menu (menuid, menu_nama, menu_url, menu_deskripsi, menu_parent_id, menu_urut, menu_status, menu_icon, menu_module) VALUES (59, 'Supply Slip', 'transaksi_sparepart/supplySlip', 'sparepart - transaksi - supply slip', 55, 59, 0, '', 3);
INSERT INTO ms_menu (menuid, menu_nama, menu_url, menu_deskripsi, menu_parent_id, menu_urut, menu_status, menu_icon, menu_module) VALUES (2, 'Sales', 'sales', 'sales', -1, 2, 0, 'ace-icon fa fa-barcode', 2);
INSERT INTO ms_menu (menuid, menu_nama, menu_url, menu_deskripsi, menu_parent_id, menu_urut, menu_status, menu_icon, menu_module) VALUES (16, 'Laporan', '', 'sales - laporan', 2, 16, 1, 'ace-icon glyphicon glyphicon-book', 2);
INSERT INTO ms_menu (menuid, menu_nama, menu_url, menu_deskripsi, menu_parent_id, menu_urut, menu_status, menu_icon, menu_module) VALUES (14, 'Master', '', 'sales - master', 2, 14, 0, 'ace-icon fa fa-folder', 2);
INSERT INTO ms_menu (menuid, menu_nama, menu_url, menu_deskripsi, menu_parent_id, menu_urut, menu_status, menu_icon, menu_module) VALUES (15, 'Transaksi', '', 'sales - transaksi', 2, 15, 0, 'ace-icon fa fa-bar-chart-o', 2);
INSERT INTO ms_menu (menuid, menu_nama, menu_url, menu_deskripsi, menu_parent_id, menu_urut, menu_status, menu_icon, menu_module) VALUES (5, 'Finance', 'finance', 'finance', -1, 5, 0, 'ace-icon fa fa-credit-card', 5);
INSERT INTO ms_menu (menuid, menu_nama, menu_url, menu_deskripsi, menu_parent_id, menu_urut, menu_status, menu_icon, menu_module) VALUES (25, 'User Role', 'admin/userRole', 'admin - user role', 12, 25, 0, '', 6);
INSERT INTO ms_menu (menuid, menu_nama, menu_url, menu_deskripsi, menu_parent_id, menu_urut, menu_status, menu_icon, menu_module) VALUES (66, 'Penerimaan Barang', 'laporan_sparepart/penerimaanBarang', 'sparepart - laporan - penerimaan barang', 56, 66, 0, '', 3);
INSERT INTO ms_menu (menuid, menu_nama, menu_url, menu_deskripsi, menu_parent_id, menu_urut, menu_status, menu_icon, menu_module) VALUES (67, 'Retur Pembelian', 'laporan_sparepart/returPembelian', 'sparepart - laporan - retur pembelian', 56, 67, 0, '', 3);
INSERT INTO ms_menu (menuid, menu_nama, menu_url, menu_deskripsi, menu_parent_id, menu_urut, menu_status, menu_icon, menu_module) VALUES (68, 'Kartu Stock', 'laporan_sparepart/kartuStock', 'sparepart - laporan - kartu stock', 56, 68, 0, '', 3);
INSERT INTO ms_menu (menuid, menu_nama, menu_url, menu_deskripsi, menu_parent_id, menu_urut, menu_status, menu_icon, menu_module) VALUES (69, 'Posisi Stock', 'laporan_sparepart/posisiStock', 'sparepart - laporan - posisi stock', 56, 69, 0, '', 3);
INSERT INTO ms_menu (menuid, menu_nama, menu_url, menu_deskripsi, menu_parent_id, menu_urut, menu_status, menu_icon, menu_module) VALUES (70, 'Mutasi Stock', 'laporan_sparepart/mutasiStock', 'sparepart - laporan - mutasi stock', 56, 70, 0, '', 3);
INSERT INTO ms_menu (menuid, menu_nama, menu_url, menu_deskripsi, menu_parent_id, menu_urut, menu_status, menu_icon, menu_module) VALUES (71, 'Claim Barang', 'laporan_sparepart/claimBarang', 'sparepart - laporan - claim barang', 56, 71, 0, '', 3);
INSERT INTO ms_menu (menuid, menu_nama, menu_url, menu_deskripsi, menu_parent_id, menu_urut, menu_status, menu_icon, menu_module) VALUES (72, 'Supply Slip', 'laporan_sparepart/supplySlip', 'sparepart - laporan - supply slip', 56, 72, 0, '', 3);
INSERT INTO ms_menu (menuid, menu_nama, menu_url, menu_deskripsi, menu_parent_id, menu_urut, menu_status, menu_icon, menu_module) VALUES (73, 'Faktur Sparepart', 'laporan_sparepart/fakturSparepart', 'sparepart - laporan - faktur sparepart', 56, 73, 0, '', 3);
INSERT INTO ms_menu (menuid, menu_nama, menu_url, menu_deskripsi, menu_parent_id, menu_urut, menu_status, menu_icon, menu_module) VALUES (74, 'Retur Penjualan', 'laporan_sparepart/returPenjualan', 'sparepart - laporan - retur penjualan', 56, 74, 0, '', 3);
INSERT INTO ms_menu (menuid, menu_nama, menu_url, menu_deskripsi, menu_parent_id, menu_urut, menu_status, menu_icon, menu_module) VALUES (75, 'Faktur by pelanggan', 'laporan_sparepart/fakturByPelanggan', 'sparepart - laporan - faktur by pelanggan', 56, 75, 0, '', 3);
INSERT INTO ms_menu (menuid, menu_nama, menu_url, menu_deskripsi, menu_parent_id, menu_urut, menu_status, menu_icon, menu_module) VALUES (76, 'Faktur by sparepart', 'laporan_sparepart/fakturBySparepart', 'sparepart - laporan - faktur by sparepart', 56, 76, 0, '', 3);
INSERT INTO ms_menu (menuid, menu_nama, menu_url, menu_deskripsi, menu_parent_id, menu_urut, menu_status, menu_icon, menu_module) VALUES (77, 'Pembelian by part', 'laporan_sparepart/pembelianByPart', 'sparepart - laporan - pembelian by part', 56, 77, 0, '', 3);
INSERT INTO ms_menu (menuid, menu_nama, menu_url, menu_deskripsi, menu_parent_id, menu_urut, menu_status, menu_icon, menu_module) VALUES (78, 'Aging Stock Part', 'laporan_sparepart/agingStockSparepart', 'sparepart - laporan - aging stock sparepart', 56, 78, 0, '', 3);
INSERT INTO ms_menu (menuid, menu_nama, menu_url, menu_deskripsi, menu_parent_id, menu_urut, menu_status, menu_icon, menu_module) VALUES (79, 'Stock Ready', 'laporan_sparepart/stock ready', 'sparepart - laporan - stock ready', 56, 79, 0, '', 3);
INSERT INTO ms_menu (menuid, menu_nama, menu_url, menu_deskripsi, menu_parent_id, menu_urut, menu_status, menu_icon, menu_module) VALUES (82, 'Penerimaan Barang', 'utility_sparepart/penerimaanBarang', 'sparepart - utility - penerimaanBarang', 80, 82, 0, '', 3);
INSERT INTO ms_menu (menuid, menu_nama, menu_url, menu_deskripsi, menu_parent_id, menu_urut, menu_status, menu_icon, menu_module) VALUES (84, 'Adjustment Stock', 'utility_sparepart/adjustmentStock', 'sparepart - laporan - adjustment stock', 80, 84, 0, '', 3);
INSERT INTO ms_menu (menuid, menu_nama, menu_url, menu_deskripsi, menu_parent_id, menu_urut, menu_status, menu_icon, menu_module) VALUES (86, 'Work Order', 'utility_service/workOrder', 'service - utility - work order', 85, 86, 0, '', 4);
INSERT INTO ms_menu (menuid, menu_nama, menu_url, menu_deskripsi, menu_parent_id, menu_urut, menu_status, menu_icon, menu_module) VALUES (87, 'Faktur Service', 'utility_service/fakturService', 'service - utility - faktur service', 85, 87, 0, '', 4);
INSERT INTO ms_menu (menuid, menu_nama, menu_url, menu_deskripsi, menu_parent_id, menu_urut, menu_status, menu_icon, menu_module) VALUES (85, 'Utility', '-', 'service - utility', 4, 85, 0, 'ace-icon fa fa-pencil-square-o', 4);
INSERT INTO ms_menu (menuid, menu_nama, menu_url, menu_deskripsi, menu_parent_id, menu_urut, menu_status, menu_icon, menu_module) VALUES (80, 'Utility', '-', 'sparepart - utility', 3, 80, 0, 'ace-icon fa fa-pencil-square-o', 3);
INSERT INTO ms_menu (menuid, menu_nama, menu_url, menu_deskripsi, menu_parent_id, menu_urut, menu_status, menu_icon, menu_module) VALUES (88, 'Riwayat Kendaraan', 'laporan_service/riwayatKendaraan', 'service - laporan - riwayatKendaraan', 18, 88, 0, '', 4);
INSERT INTO ms_menu (menuid, menu_nama, menu_url, menu_deskripsi, menu_parent_id, menu_urut, menu_status, menu_icon, menu_module) VALUES (90, 'Supply Slip', 'utility_sparepart/supplySlip', 'sparepart - utility - supply slip', 80, 90, 0, '', 3);
INSERT INTO ms_menu (menuid, menu_nama, menu_url, menu_deskripsi, menu_parent_id, menu_urut, menu_status, menu_icon, menu_module) VALUES (83, 'Faktur Sparepart', 'utility_sparepart/fakturSparepart', 'sparepart - utility - faktur sparepart', 80, 83, 0, '', 3);


--
-- TOC entry 2762 (class 0 OID 72765)
-- Dependencies: 177
-- Data for Name: ms_pelanggan; Type: TABLE DATA; Schema: public; Owner: postgres
--

INSERT INTO ms_pelanggan (pelid, pel_nama, pel_alamat, pel_alamat_surat, pel_hp, pel_telpon, pel_email, pel_npwp, pel_cbid, pel_type, pel_gender, pel_tempat_lahir, pel_tgl_lahir, pel_kotaid, pel_agama, pel_fax, pel_marital, pel_nokontrak, pel_nomor_id, pel_status) VALUES ('PE1500000001', 'ARIS', 'SOLO', 'solo', '085647069106', '1212121212', '', NULL, '100086', 'retail', 'L', 'SOLO', '2015-09-28', '17.71.00.0000', 'kristen', '12', NULL, NULL, '098.097.081', 0);
INSERT INTO ms_pelanggan (pelid, pel_nama, pel_alamat, pel_alamat_surat, pel_hp, pel_telpon, pel_email, pel_npwp, pel_cbid, pel_type, pel_gender, pel_tempat_lahir, pel_tgl_lahir, pel_kotaid, pel_agama, pel_fax, pel_marital, pel_nokontrak, pel_nomor_id, pel_status) VALUES ('PE1500000004', 'BROKER', 'BROKER', 'solo', '0909', '0909', '', NULL, '100086', 'broker', '0', '0909', '2015-09-28', '15.04.00.0000', '0', '0909', NULL, NULL, '9090', 1);
INSERT INTO ms_pelanggan (pelid, pel_nama, pel_alamat, pel_alamat_surat, pel_hp, pel_telpon, pel_email, pel_npwp, pel_cbid, pel_type, pel_gender, pel_tempat_lahir, pel_tgl_lahir, pel_kotaid, pel_agama, pel_fax, pel_marital, pel_nokontrak, pel_nomor_id, pel_status) VALUES ('PE1500000006', 'KUNCO', 'JALAN IR. JUANDA SOLO', 'solo', '0867232323', '232323', 'aris.jenong@gmail.com', NULL, '100086', 'retail', 'L', 'SOLO', '1986-09-03', '33.04.00.0000', 'islam', '232323', NULL, NULL, '2323', 0);
INSERT INTO ms_pelanggan (pelid, pel_nama, pel_alamat, pel_alamat_surat, pel_hp, pel_telpon, pel_email, pel_npwp, pel_cbid, pel_type, pel_gender, pel_tempat_lahir, pel_tgl_lahir, pel_kotaid, pel_agama, pel_fax, pel_marital, pel_nokontrak, pel_nomor_id, pel_status) VALUES ('PE1500000007', 'ANDI', 'SOLO', '', '08989', '', '', NULL, '100086', 'retail', '0', '', '9999-01-01', '33.02.00.0000', '0', '', NULL, NULL, '1212', 0);


--
-- TOC entry 2854 (class 0 OID 73437)
-- Dependencies: 269
-- Data for Name: ms_peltype; Type: TABLE DATA; Schema: public; Owner: postgres
--



--
-- TOC entry 3092 (class 0 OID 0)
-- Dependencies: 270
-- Name: ms_peltype_pltid_seq; Type: SEQUENCE SET; Schema: public; Owner: postgres
--

SELECT pg_catalog.setval('ms_peltype_pltid_seq', 1, false);


--
-- TOC entry 2763 (class 0 OID 72774)
-- Dependencies: 178
-- Data for Name: ms_propinsi; Type: TABLE DATA; Schema: public; Owner: postgres
--

INSERT INTO ms_propinsi (propid, prop_deskripsi) VALUES ('11.00.00.0000', 'Nanggroe Aceh Darussalaam');
INSERT INTO ms_propinsi (propid, prop_deskripsi) VALUES ('12.00.00.0000', 'Sumatra Utara');
INSERT INTO ms_propinsi (propid, prop_deskripsi) VALUES ('13.00.00.0000', 'Sumatra Barat');
INSERT INTO ms_propinsi (propid, prop_deskripsi) VALUES ('14.00.00.0000', 'Riau');
INSERT INTO ms_propinsi (propid, prop_deskripsi) VALUES ('15.00.00.0000', 'Jambi');
INSERT INTO ms_propinsi (propid, prop_deskripsi) VALUES ('16.00.00.0000', 'Sumatra Selatan');
INSERT INTO ms_propinsi (propid, prop_deskripsi) VALUES ('17.00.00.0000', 'Bengkulu');
INSERT INTO ms_propinsi (propid, prop_deskripsi) VALUES ('18.00.00.0000', 'Lampung');
INSERT INTO ms_propinsi (propid, prop_deskripsi) VALUES ('19.00.00.0000', 'Kep. Bangka Belitung');
INSERT INTO ms_propinsi (propid, prop_deskripsi) VALUES ('21.00.00.0000', 'Kep. Riau');
INSERT INTO ms_propinsi (propid, prop_deskripsi) VALUES ('31.00.00.0000', 'DKI Jakarta');
INSERT INTO ms_propinsi (propid, prop_deskripsi) VALUES ('32.00.00.0000', 'Jawa Barat');
INSERT INTO ms_propinsi (propid, prop_deskripsi) VALUES ('33.00.00.0000', 'Jawa Tengah');
INSERT INTO ms_propinsi (propid, prop_deskripsi) VALUES ('34.00.00.0000', 'DI Yogyakarta');
INSERT INTO ms_propinsi (propid, prop_deskripsi) VALUES ('35.00.00.0000', 'Jawa Timur');
INSERT INTO ms_propinsi (propid, prop_deskripsi) VALUES ('36.00.00.0000', 'Banten');
INSERT INTO ms_propinsi (propid, prop_deskripsi) VALUES ('51.00.00.0000', 'Bali');
INSERT INTO ms_propinsi (propid, prop_deskripsi) VALUES ('52.00.00.0000', 'Nusa Tenggara Barat');
INSERT INTO ms_propinsi (propid, prop_deskripsi) VALUES ('53.00.00.0000', 'Nusa Tenggara Timur');
INSERT INTO ms_propinsi (propid, prop_deskripsi) VALUES ('61.00.00.0000', 'Kalimantan Barat');
INSERT INTO ms_propinsi (propid, prop_deskripsi) VALUES ('62.00.00.0000', 'Kalimantan Tengah');
INSERT INTO ms_propinsi (propid, prop_deskripsi) VALUES ('63.00.00.0000', 'Kalimantan Selatan');
INSERT INTO ms_propinsi (propid, prop_deskripsi) VALUES ('64.00.00.0000', 'Kalimantan Timur');
INSERT INTO ms_propinsi (propid, prop_deskripsi) VALUES ('71.00.00.0000', 'Sulawesi Utara');
INSERT INTO ms_propinsi (propid, prop_deskripsi) VALUES ('72.00.00.0000', 'Sulawesi Tengah');
INSERT INTO ms_propinsi (propid, prop_deskripsi) VALUES ('73.00.00.0000', 'Sulawesi Selatan');
INSERT INTO ms_propinsi (propid, prop_deskripsi) VALUES ('74.00.00.0000', 'Sulawesi Tenggara');
INSERT INTO ms_propinsi (propid, prop_deskripsi) VALUES ('75.00.00.0000', 'Gorontalo');
INSERT INTO ms_propinsi (propid, prop_deskripsi) VALUES ('81.00.00.0000', 'Maluku');
INSERT INTO ms_propinsi (propid, prop_deskripsi) VALUES ('82.00.00.0000', 'Maluku Utara');
INSERT INTO ms_propinsi (propid, prop_deskripsi) VALUES ('91.00.00.0000', 'Papua');
INSERT INTO ms_propinsi (propid, prop_deskripsi) VALUES ('92.00.00.0000', 'Irian Jaya Barat');


--
-- TOC entry 2758 (class 0 OID 72742)
-- Dependencies: 173
-- Data for Name: ms_role; Type: TABLE DATA; Schema: public; Owner: postgres
--

INSERT INTO ms_role (roleid, role_nama, role_status) VALUES (1, 'Service Advisor', 0);
INSERT INTO ms_role (roleid, role_nama, role_status) VALUES (3, 'Developer', 0);


--
-- TOC entry 2759 (class 0 OID 72751)
-- Dependencies: 174
-- Data for Name: ms_role_det; Type: TABLE DATA; Schema: public; Owner: postgres
--

INSERT INTO ms_role_det (roledet_roleid, roledet_menuid) VALUES (1, 6);
INSERT INTO ms_role_det (roledet_roleid, roledet_menuid) VALUES (1, 9);
INSERT INTO ms_role_det (roledet_roleid, roledet_menuid) VALUES (3, 6);
INSERT INTO ms_role_det (roledet_roleid, roledet_menuid) VALUES (3, 9);
INSERT INTO ms_role_det (roledet_roleid, roledet_menuid) VALUES (3, 23);
INSERT INTO ms_role_det (roledet_roleid, roledet_menuid) VALUES (3, 21);
INSERT INTO ms_role_det (roledet_roleid, roledet_menuid) VALUES (3, 22);
INSERT INTO ms_role_det (roledet_roleid, roledet_menuid) VALUES (3, 12);
INSERT INTO ms_role_det (roledet_roleid, roledet_menuid) VALUES (3, 7);
INSERT INTO ms_role_det (roledet_roleid, roledet_menuid) VALUES (3, 8);
INSERT INTO ms_role_det (roledet_roleid, roledet_menuid) VALUES (3, 11);
INSERT INTO ms_role_det (roledet_roleid, roledet_menuid) VALUES (3, 20);
INSERT INTO ms_role_det (roledet_roleid, roledet_menuid) VALUES (3, 25);
INSERT INTO ms_role_det (roledet_roleid, roledet_menuid) VALUES (3, 5);
INSERT INTO ms_role_det (roledet_roleid, roledet_menuid) VALUES (3, 1);
INSERT INTO ms_role_det (roledet_roleid, roledet_menuid) VALUES (3, 2);
INSERT INTO ms_role_det (roledet_roleid, roledet_menuid) VALUES (3, 16);
INSERT INTO ms_role_det (roledet_roleid, roledet_menuid) VALUES (3, 14);
INSERT INTO ms_role_det (roledet_roleid, roledet_menuid) VALUES (3, 15);
INSERT INTO ms_role_det (roledet_roleid, roledet_menuid) VALUES (3, 4);
INSERT INTO ms_role_det (roledet_roleid, roledet_menuid) VALUES (3, 18);
INSERT INTO ms_role_det (roledet_roleid, roledet_menuid) VALUES (3, 41);
INSERT INTO ms_role_det (roledet_roleid, roledet_menuid) VALUES (3, 40);
INSERT INTO ms_role_det (roledet_roleid, roledet_menuid) VALUES (3, 47);
INSERT INTO ms_role_det (roledet_roleid, roledet_menuid) VALUES (3, 46);
INSERT INTO ms_role_det (roledet_roleid, roledet_menuid) VALUES (3, 88);
INSERT INTO ms_role_det (roledet_roleid, roledet_menuid) VALUES (3, 44);
INSERT INTO ms_role_det (roledet_roleid, roledet_menuid) VALUES (3, 45);
INSERT INTO ms_role_det (roledet_roleid, roledet_menuid) VALUES (3, 42);
INSERT INTO ms_role_det (roledet_roleid, roledet_menuid) VALUES (3, 43);
INSERT INTO ms_role_det (roledet_roleid, roledet_menuid) VALUES (3, 13);
INSERT INTO ms_role_det (roledet_roleid, roledet_menuid) VALUES (3, 30);
INSERT INTO ms_role_det (roledet_roleid, roledet_menuid) VALUES (3, 48);
INSERT INTO ms_role_det (roledet_roleid, roledet_menuid) VALUES (3, 33);
INSERT INTO ms_role_det (roledet_roleid, roledet_menuid) VALUES (3, 26);
INSERT INTO ms_role_det (roledet_roleid, roledet_menuid) VALUES (3, 27);
INSERT INTO ms_role_det (roledet_roleid, roledet_menuid) VALUES (3, 28);
INSERT INTO ms_role_det (roledet_roleid, roledet_menuid) VALUES (3, 32);
INSERT INTO ms_role_det (roledet_roleid, roledet_menuid) VALUES (3, 31);
INSERT INTO ms_role_det (roledet_roleid, roledet_menuid) VALUES (3, 29);
INSERT INTO ms_role_det (roledet_roleid, roledet_menuid) VALUES (3, 17);
INSERT INTO ms_role_det (roledet_roleid, roledet_menuid) VALUES (3, 34);
INSERT INTO ms_role_det (roledet_roleid, roledet_menuid) VALUES (3, 36);
INSERT INTO ms_role_det (roledet_roleid, roledet_menuid) VALUES (3, 39);
INSERT INTO ms_role_det (roledet_roleid, roledet_menuid) VALUES (3, 38);
INSERT INTO ms_role_det (roledet_roleid, roledet_menuid) VALUES (3, 37);
INSERT INTO ms_role_det (roledet_roleid, roledet_menuid) VALUES (3, 35);
INSERT INTO ms_role_det (roledet_roleid, roledet_menuid) VALUES (3, 85);
INSERT INTO ms_role_det (roledet_roleid, roledet_menuid) VALUES (3, 87);
INSERT INTO ms_role_det (roledet_roleid, roledet_menuid) VALUES (3, 86);
INSERT INTO ms_role_det (roledet_roleid, roledet_menuid) VALUES (3, 3);
INSERT INTO ms_role_det (roledet_roleid, roledet_menuid) VALUES (3, 56);
INSERT INTO ms_role_det (roledet_roleid, roledet_menuid) VALUES (3, 84);
INSERT INTO ms_role_det (roledet_roleid, roledet_menuid) VALUES (3, 78);
INSERT INTO ms_role_det (roledet_roleid, roledet_menuid) VALUES (3, 71);
INSERT INTO ms_role_det (roledet_roleid, roledet_menuid) VALUES (3, 75);
INSERT INTO ms_role_det (roledet_roleid, roledet_menuid) VALUES (3, 76);
INSERT INTO ms_role_det (roledet_roleid, roledet_menuid) VALUES (3, 73);
INSERT INTO ms_role_det (roledet_roleid, roledet_menuid) VALUES (3, 68);
INSERT INTO ms_role_det (roledet_roleid, roledet_menuid) VALUES (3, 70);
INSERT INTO ms_role_det (roledet_roleid, roledet_menuid) VALUES (3, 77);
INSERT INTO ms_role_det (roledet_roleid, roledet_menuid) VALUES (3, 66);
INSERT INTO ms_role_det (roledet_roleid, roledet_menuid) VALUES (3, 69);
INSERT INTO ms_role_det (roledet_roleid, roledet_menuid) VALUES (3, 67);
INSERT INTO ms_role_det (roledet_roleid, roledet_menuid) VALUES (3, 74);
INSERT INTO ms_role_det (roledet_roleid, roledet_menuid) VALUES (3, 79);
INSERT INTO ms_role_det (roledet_roleid, roledet_menuid) VALUES (3, 72);
INSERT INTO ms_role_det (roledet_roleid, roledet_menuid) VALUES (3, 19);
INSERT INTO ms_role_det (roledet_roleid, roledet_menuid) VALUES (3, 50);
INSERT INTO ms_role_det (roledet_roleid, roledet_menuid) VALUES (3, 64);
INSERT INTO ms_role_det (roledet_roleid, roledet_menuid) VALUES (3, 52);
INSERT INTO ms_role_det (roledet_roleid, roledet_menuid) VALUES (3, 49);
INSERT INTO ms_role_det (roledet_roleid, roledet_menuid) VALUES (3, 65);
INSERT INTO ms_role_det (roledet_roleid, roledet_menuid) VALUES (3, 53);
INSERT INTO ms_role_det (roledet_roleid, roledet_menuid) VALUES (3, 51);
INSERT INTO ms_role_det (roledet_roleid, roledet_menuid) VALUES (3, 54);
INSERT INTO ms_role_det (roledet_roleid, roledet_menuid) VALUES (3, 55);
INSERT INTO ms_role_det (roledet_roleid, roledet_menuid) VALUES (3, 62);
INSERT INTO ms_role_det (roledet_roleid, roledet_menuid) VALUES (3, 63);
INSERT INTO ms_role_det (roledet_roleid, roledet_menuid) VALUES (3, 60);
INSERT INTO ms_role_det (roledet_roleid, roledet_menuid) VALUES (3, 57);
INSERT INTO ms_role_det (roledet_roleid, roledet_menuid) VALUES (3, 58);
INSERT INTO ms_role_det (roledet_roleid, roledet_menuid) VALUES (3, 61);
INSERT INTO ms_role_det (roledet_roleid, roledet_menuid) VALUES (3, 59);
INSERT INTO ms_role_det (roledet_roleid, roledet_menuid) VALUES (3, 80);
INSERT INTO ms_role_det (roledet_roleid, roledet_menuid) VALUES (3, 83);
INSERT INTO ms_role_det (roledet_roleid, roledet_menuid) VALUES (3, 82);
INSERT INTO ms_role_det (roledet_roleid, roledet_menuid) VALUES (3, 90);


--
-- TOC entry 2832 (class 0 OID 73315)
-- Dependencies: 247
-- Data for Name: ms_segment; Type: TABLE DATA; Schema: public; Owner: postgres
--



--
-- TOC entry 2770 (class 0 OID 72811)
-- Dependencies: 185
-- Data for Name: ms_supplier; Type: TABLE DATA; Schema: public; Owner: postgres
--

INSERT INTO ms_supplier (supid, sup_nama, sup_alamat, sup_npwp, sup_telpon, sup_hp, sup_cbid, sup_fax, sup_kotaid, sup_createby, sup_createon, sup_status) VALUES ('SU1500000001', 'PT KTBBB', 'SOLO', 'NPWP', '0271-090998', '08564700000', '100086', '0271-01099', '33.04.00.0000', 'aris', '2015-09-04 10:36:50', 0);
INSERT INTO ms_supplier (supid, sup_nama, sup_alamat, sup_npwp, sup_telpon, sup_hp, sup_cbid, sup_fax, sup_kotaid, sup_createby, sup_createon, sup_status) VALUES ('SU1500000002', 'PT NEW RATNA', 'JAKARTA ', '1', '08767676', '0868878', '100086', '1', '31.71.00.0000', 'aris', '2015-09-07 16:54:40', 0);


--
-- TOC entry 2860 (class 0 OID 73468)
-- Dependencies: 275
-- Data for Name: ms_type_jurnal; Type: TABLE DATA; Schema: public; Owner: postgres
--



--
-- TOC entry 2761 (class 0 OID 72762)
-- Dependencies: 176
-- Data for Name: ms_user_role; Type: TABLE DATA; Schema: public; Owner: postgres
--

INSERT INTO ms_user_role (userro_roleid, userro_krid) VALUES (3, 'KR1500000001');


--
-- TOC entry 2782 (class 0 OID 72937)
-- Dependencies: 197
-- Data for Name: ms_warna; Type: TABLE DATA; Schema: public; Owner: postgres
--

INSERT INTO ms_warna (warnaid, warna_deskripsi) VALUES (1, 'HITAM');
INSERT INTO ms_warna (warnaid, warna_deskripsi) VALUES (2, 'SILVER');


--
-- TOC entry 3093 (class 0 OID 0)
-- Dependencies: 198
-- Name: ms_warna_warnaid_seq; Type: SEQUENCE SET; Schema: public; Owner: postgres
--

SELECT pg_catalog.setval('ms_warna_warnaid_seq', 1, false);


--
-- TOC entry 2838 (class 0 OID 73347)
-- Dependencies: 253
-- Data for Name: pen_bbn; Type: TABLE DATA; Schema: public; Owner: postgres
--



--
-- TOC entry 3094 (class 0 OID 0)
-- Dependencies: 254
-- Name: pen_bbn_bbnid_seq; Type: SEQUENCE SET; Schema: public; Owner: postgres
--

SELECT pg_catalog.setval('pen_bbn_bbnid_seq', 1, false);


--
-- TOC entry 2837 (class 0 OID 73342)
-- Dependencies: 252
-- Data for Name: pen_bpk; Type: TABLE DATA; Schema: public; Owner: postgres
--



--
-- TOC entry 2840 (class 0 OID 73361)
-- Dependencies: 255
-- Data for Name: pen_ceklist; Type: TABLE DATA; Schema: public; Owner: postgres
--



--
-- TOC entry 3095 (class 0 OID 0)
-- Dependencies: 256
-- Name: pen_ceklist_pecekid_seq; Type: SEQUENCE SET; Schema: public; Owner: postgres
--

SELECT pg_catalog.setval('pen_ceklist_pecekid_seq', 1, false);


--
-- TOC entry 2848 (class 0 OID 73405)
-- Dependencies: 263
-- Data for Name: pen_do; Type: TABLE DATA; Schema: public; Owner: postgres
--



--
-- TOC entry 3096 (class 0 OID 0)
-- Dependencies: 264
-- Name: pen_do_doid_seq; Type: SEQUENCE SET; Schema: public; Owner: postgres
--

SELECT pg_catalog.setval('pen_do_doid_seq', 1, false);


--
-- TOC entry 2861 (class 0 OID 73471)
-- Dependencies: 276
-- Data for Name: pen_faktur; Type: TABLE DATA; Schema: public; Owner: postgres
--



--
-- TOC entry 2833 (class 0 OID 73320)
-- Dependencies: 248
-- Data for Name: pen_faktur_payment; Type: TABLE DATA; Schema: public; Owner: postgres
--



--
-- TOC entry 3097 (class 0 OID 0)
-- Dependencies: 249
-- Name: pen_faktur_payment_byrid_seq; Type: SEQUENCE SET; Schema: public; Owner: postgres
--

SELECT pg_catalog.setval('pen_faktur_payment_byrid_seq', 1, false);


--
-- TOC entry 2851 (class 0 OID 73421)
-- Dependencies: 266
-- Data for Name: pen_fat; Type: TABLE DATA; Schema: public; Owner: postgres
--



--
-- TOC entry 2850 (class 0 OID 73416)
-- Dependencies: 265
-- Data for Name: pen_fpk; Type: TABLE DATA; Schema: public; Owner: postgres
--



--
-- TOC entry 2817 (class 0 OID 73199)
-- Dependencies: 232
-- Data for Name: pen_fpt; Type: TABLE DATA; Schema: public; Owner: postgres
--



--
-- TOC entry 2842 (class 0 OID 73372)
-- Dependencies: 257
-- Data for Name: pen_retbeli; Type: TABLE DATA; Schema: public; Owner: postgres
--



--
-- TOC entry 3098 (class 0 OID 0)
-- Dependencies: 258
-- Name: pen_retbeli_rtbid_seq; Type: SEQUENCE SET; Schema: public; Owner: postgres
--

SELECT pg_catalog.setval('pen_retbeli_rtbid_seq', 1, false);


--
-- TOC entry 2844 (class 0 OID 73383)
-- Dependencies: 259
-- Data for Name: pen_retjual; Type: TABLE DATA; Schema: public; Owner: postgres
--



--
-- TOC entry 3099 (class 0 OID 0)
-- Dependencies: 260
-- Name: pen_retjual_rtjid_seq; Type: SEQUENCE SET; Schema: public; Owner: postgres
--

SELECT pg_catalog.setval('pen_retjual_rtjid_seq', 1, false);


--
-- TOC entry 2819 (class 0 OID 73234)
-- Dependencies: 234
-- Data for Name: pen_spk; Type: TABLE DATA; Schema: public; Owner: postgres
--



--
-- TOC entry 2856 (class 0 OID 73446)
-- Dependencies: 271
-- Data for Name: pen_spk_atribut; Type: TABLE DATA; Schema: public; Owner: postgres
--



--
-- TOC entry 3100 (class 0 OID 0)
-- Dependencies: 272
-- Name: pen_spk_atribut_atrid_seq; Type: SEQUENCE SET; Schema: public; Owner: postgres
--

SELECT pg_catalog.setval('pen_spk_atribut_atrid_seq', 1, false);


--
-- TOC entry 2858 (class 0 OID 73457)
-- Dependencies: 273
-- Data for Name: pen_spk_followup; Type: TABLE DATA; Schema: public; Owner: postgres
--



--
-- TOC entry 3101 (class 0 OID 0)
-- Dependencies: 274
-- Name: pen_spk_followup_spfid_seq; Type: SEQUENCE SET; Schema: public; Owner: postgres
--

SELECT pg_catalog.setval('pen_spk_followup_spfid_seq', 1, false);


--
-- TOC entry 2846 (class 0 OID 73394)
-- Dependencies: 261
-- Data for Name: pen_spk_validasi; Type: TABLE DATA; Schema: public; Owner: postgres
--



--
-- TOC entry 3102 (class 0 OID 0)
-- Dependencies: 262
-- Name: pen_spk_validasi_vspkid_seq; Type: SEQUENCE SET; Schema: public; Owner: postgres
--

SELECT pg_catalog.setval('pen_spk_validasi_vspkid_seq', 1, false);


--
-- TOC entry 2815 (class 0 OID 73189)
-- Dependencies: 230
-- Data for Name: pros_agenda; Type: TABLE DATA; Schema: public; Owner: postgres
--



--
-- TOC entry 2811 (class 0 OID 73167)
-- Dependencies: 226
-- Data for Name: pros_data; Type: TABLE DATA; Schema: public; Owner: postgres
--



--
-- TOC entry 2814 (class 0 OID 73186)
-- Dependencies: 229
-- Data for Name: pros_data_car; Type: TABLE DATA; Schema: public; Owner: postgres
--



--
-- TOC entry 2816 (class 0 OID 73194)
-- Dependencies: 231
-- Data for Name: pros_follow; Type: TABLE DATA; Schema: public; Owner: postgres
--



--
-- TOC entry 2812 (class 0 OID 73172)
-- Dependencies: 227
-- Data for Name: pros_sumber_info; Type: TABLE DATA; Schema: public; Owner: postgres
--



--
-- TOC entry 3103 (class 0 OID 0)
-- Dependencies: 228
-- Name: pros_sumber_info_infoid_seq; Type: SEQUENCE SET; Schema: public; Owner: postgres
--

SELECT pg_catalog.setval('pros_sumber_info_infoid_seq', 1, false);


--
-- TOC entry 2771 (class 0 OID 72819)
-- Dependencies: 186
-- Data for Name: setting; Type: TABLE DATA; Schema: public; Owner: postgres
--

INSERT INTO setting (set_key, set_value, set_cbid) VALUES ('KAR', 4, NULL);
INSERT INTO setting (set_key, set_value, set_cbid) VALUES ('C', 1, NULL);
INSERT INTO setting (set_key, set_value, set_cbid) VALUES ('R', 3, NULL);
INSERT INTO setting (set_key, set_value, set_cbid) VALUES ('KR15', 5, NULL);
INSERT INTO setting (set_key, set_value, set_cbid) VALUES ('FL20', 1, NULL);
INSERT INTO setting (set_key, set_value, set_cbid) VALUES ('FL15', 7, NULL);
INSERT INTO setting (set_key, set_value, set_cbid) VALUES ('DD15', 1, '100086');
INSERT INTO setting (set_key, set_value, set_cbid) VALUES ('SU15', 2, NULL);
INSERT INTO setting (set_key, set_value, set_cbid) VALUES ('IN15', 3, NULL);
INSERT INTO setting (set_key, set_value, set_cbid) VALUES ('PE15', 7, NULL);
INSERT INTO setting (set_key, set_value, set_cbid) VALUES ('CA15', 9, NULL);
INSERT INTO setting (set_key, set_value, set_cbid) VALUES ('IU15', 8, '100086');
INSERT INTO setting (set_key, set_value, set_cbid) VALUES ('WO15', 10, NULL);
INSERT INTO setting (set_key, set_value, set_cbid) VALUES ('OI15', 1, '100086');
INSERT INTO setting (set_key, set_value, set_cbid) VALUES ('IV15', 5, NULL);
INSERT INTO setting (set_key, set_value, set_cbid) VALUES ('SP15', 8, NULL);
INSERT INTO setting (set_key, set_value, set_cbid) VALUES ('GD15', 2, NULL);
INSERT INTO setting (set_key, set_value, set_cbid) VALUES ('RJ15', 3, NULL);
INSERT INTO setting (set_key, set_value, set_cbid) VALUES ('JAB', 5, NULL);
INSERT INTO setting (set_key, set_value, set_cbid) VALUES ('AD15', 5, NULL);
INSERT INTO setting (set_key, set_value, set_cbid) VALUES ('SS15', 12, NULL);
INSERT INTO setting (set_key, set_value, set_cbid) VALUES ('SP15', 4, '100086');
INSERT INTO setting (set_key, set_value, set_cbid) VALUES ('TB15', 40, NULL);
INSERT INTO setting (set_key, set_value, set_cbid) VALUES ('RB15', 5, NULL);
INSERT INTO setting (set_key, set_value, set_cbid) VALUES ('NS15', 5, NULL);
INSERT INTO setting (set_key, set_value, set_cbid) VALUES ('NC15', 5, '100086');


--
-- TOC entry 2871 (class 0 OID 74452)
-- Dependencies: 286
-- Data for Name: spa_adjustment; Type: TABLE DATA; Schema: public; Owner: postgres
--

INSERT INTO spa_adjustment (adjid, adj_nomer, adj_tgl, adj_cbid, adj_createon, adj_createby) VALUES ('AD1500000001', 'ADJ0001', '2015-09-28', '100086', '2015-09-28 16:34:50', 'aris');
INSERT INTO spa_adjustment (adjid, adj_nomer, adj_tgl, adj_cbid, adj_createon, adj_createby) VALUES ('AD1500000002', 'ADJ00021', '2015-09-28', '100086', '2015-09-28 16:42:30', 'aris');
INSERT INTO spa_adjustment (adjid, adj_nomer, adj_tgl, adj_cbid, adj_createon, adj_createby) VALUES ('AD1500000003', 'ADJ0023', '2015-09-28', '100086', '2015-09-28 16:47:25', 'aris');
INSERT INTO spa_adjustment (adjid, adj_nomer, adj_tgl, adj_cbid, adj_createon, adj_createby) VALUES ('AD1500000004', 'ADJ0544', '2015-09-28', '100086', '2015-09-28 16:49:25', 'aris');
INSERT INTO spa_adjustment (adjid, adj_nomer, adj_tgl, adj_cbid, adj_createon, adj_createby) VALUES ('AD1500000005', 'ADJ65456', '2015-09-28', '100086', '2015-09-28 16:50:15', 'aris');


--
-- TOC entry 2872 (class 0 OID 74458)
-- Dependencies: 287
-- Data for Name: spa_adjustment_det; Type: TABLE DATA; Schema: public; Owner: postgres
--

INSERT INTO spa_adjustment_det (dadj_adjid, dadj_inveid, dadj_plus, dadj_minus, dadj_hpp, dadj_subtotal_hpp) VALUES ('AD1500000001', 'IN1500000002', 5, 0, 15000.00, 75000.00);
INSERT INTO spa_adjustment_det (dadj_adjid, dadj_inveid, dadj_plus, dadj_minus, dadj_hpp, dadj_subtotal_hpp) VALUES ('AD1500000002', 'IN1500000002', 0, 15, 11666.67, 175000.05);
INSERT INTO spa_adjustment_det (dadj_adjid, dadj_inveid, dadj_plus, dadj_minus, dadj_hpp, dadj_subtotal_hpp) VALUES ('AD1500000003', 'IN1500000001', 5, 0, 15000.00, 75000.00);
INSERT INTO spa_adjustment_det (dadj_adjid, dadj_inveid, dadj_plus, dadj_minus, dadj_hpp, dadj_subtotal_hpp) VALUES ('AD1500000004', 'IN1500000001', 0, 15, 11666.67, 175000.05);
INSERT INTO spa_adjustment_det (dadj_adjid, dadj_inveid, dadj_plus, dadj_minus, dadj_hpp, dadj_subtotal_hpp) VALUES ('AD1500000005', 'IN1500000001', 10, 0, 10000.00, 100000.00);


--
-- TOC entry 2797 (class 0 OID 73068)
-- Dependencies: 212
-- Data for Name: spa_grade; Type: TABLE DATA; Schema: public; Owner: postgres
--

INSERT INTO spa_grade (gradid, grad_cbid, grad_pelid, grad_1, grad_2, grad_3, grad_status) VALUES ('GD15000002', '100086', 'PE1500000001', 10, 5.5, 0, 1);


--
-- TOC entry 2791 (class 0 OID 73002)
-- Dependencies: 206
-- Data for Name: spa_gudang; Type: TABLE DATA; Schema: public; Owner: postgres
--

INSERT INTO spa_gudang (gdgid, gdg_deskripsi, gdg_cbid, gdg_status) VALUES (1, 'GUDANG 111', '100086', 0);


--
-- TOC entry 3104 (class 0 OID 0)
-- Dependencies: 207
-- Name: spa_gudang_gdgid_seq; Type: SEQUENCE SET; Schema: public; Owner: postgres
--

SELECT pg_catalog.setval('spa_gudang_gdgid_seq', 1, true);


--
-- TOC entry 2790 (class 0 OID 72997)
-- Dependencies: 205
-- Data for Name: spa_inventory; Type: TABLE DATA; Schema: public; Owner: postgres
--

INSERT INTO spa_inventory (inveid, inve_cbid, inve_kode, inve_nama, inve_barcode, inve_qty, inve_qty_rusak, inve_qty_min, inve_hpp, inve_harga, inve_jenis, inve_harga_beli, inve_umur_km, inve_umur_bulan, inve_rakid, inve_saldo) VALUES ('IN1500000003', '100086', '222222', 'CAT HITAM', '1212121', 0, 0, 1, 0.00, 40000.00, 'sp', 10000.00, 0, 0, 1, 0.00);
INSERT INTO spa_inventory (inveid, inve_cbid, inve_kode, inve_nama, inve_barcode, inve_qty, inve_qty_rusak, inve_qty_min, inve_hpp, inve_harga, inve_jenis, inve_harga_beli, inve_umur_km, inve_umur_bulan, inve_rakid, inve_saldo) VALUES ('IN1500000002', '100086', '121121211111111', 'RODA', '12121212', 20, 0, 1, 27272.73, 10000.00, 'sp', 30000.00, 11, 0, 1, 545454.60);
INSERT INTO spa_inventory (inveid, inve_cbid, inve_kode, inve_nama, inve_barcode, inve_qty, inve_qty_rusak, inve_qty_min, inve_hpp, inve_harga, inve_jenis, inve_harga_beli, inve_umur_km, inve_umur_bulan, inve_rakid, inve_saldo) VALUES ('IN1500000001', '100086', '11212', 'CAT', '11312', 20, 0, 1, 27272.73, 200000.00, 'sm', 30000.00, 0, 0, 1, 545454.60);


--
-- TOC entry 2809 (class 0 OID 73156)
-- Dependencies: 224
-- Data for Name: spa_kartu_stock; Type: TABLE DATA; Schema: public; Owner: postgres
--

INSERT INTO spa_kartu_stock (ksid, ks_tgl, ks_cbid, ks_notrans, ks_inveid, ks_in, ks_out, ks_total, ks_type, ks_harga, ks_hpp, ks_debit, ks_kredit, ks_saldo, ks_suppel) VALUES (110, '2015-10-06 10:41:57.748', '100086', 'TB1500000038', 'IN1500000001', 20, 0, 20, 'PB', 27272.73, 27272.73, 600000.00, 0.00, 545454.55, 'SU1500000001');
INSERT INTO spa_kartu_stock (ksid, ks_tgl, ks_cbid, ks_notrans, ks_inveid, ks_in, ks_out, ks_total, ks_type, ks_harga, ks_hpp, ks_debit, ks_kredit, ks_saldo, ks_suppel) VALUES (111, '2015-10-06 11:06:23.057', '100086', 'TB1500000039', 'IN1500000002', 20, 0, 20, 'PB', 27272.73, 27272.73, 600000.00, 0.00, 545454.55, 'SU1500000001');
INSERT INTO spa_kartu_stock (ksid, ks_tgl, ks_cbid, ks_notrans, ks_inveid, ks_in, ks_out, ks_total, ks_type, ks_harga, ks_hpp, ks_debit, ks_kredit, ks_saldo, ks_suppel) VALUES (112, '2015-10-06 11:08:41.875', '100086', 'SS1500000011', 'IN1500000002', 0, 20, 0, 'SP', 27272.73, 27272.73, 0.00, 545454.60, 0.00, 'PE1500000001');
INSERT INTO spa_kartu_stock (ksid, ks_tgl, ks_cbid, ks_notrans, ks_inveid, ks_in, ks_out, ks_total, ks_type, ks_harga, ks_hpp, ks_debit, ks_kredit, ks_saldo, ks_suppel) VALUES (113, '2015-10-06 11:13:15.402', '100086', 'SS1500000012', 'IN1500000001', 0, 20, 0, 'SP', 27272.73, 27272.73, 0.00, 545454.60, -0.05, 'PE1500000001');
INSERT INTO spa_kartu_stock (ksid, ks_tgl, ks_cbid, ks_notrans, ks_inveid, ks_in, ks_out, ks_total, ks_type, ks_harga, ks_hpp, ks_debit, ks_kredit, ks_saldo, ks_suppel) VALUES (114, '2015-10-06 11:52:00.016', '100086', 'TB1500000040', 'IN1500000001', 10, 0, 10, 'PB', 27272.73, 27272.73, 272727.00, 0.00, 272727.22, 'SU1500000002');
INSERT INTO spa_kartu_stock (ksid, ks_tgl, ks_cbid, ks_notrans, ks_inveid, ks_in, ks_out, ks_total, ks_type, ks_harga, ks_hpp, ks_debit, ks_kredit, ks_saldo, ks_suppel) VALUES (115, '2015-10-06 11:55:01.321', '100086', 'RB1500000005', 'IN1500000001', 0, 10, 0, 'RB', 27272.73, 0.00, 0.00, 272727.27, 0.00, 'SU1500000002');
INSERT INTO spa_kartu_stock (ksid, ks_tgl, ks_cbid, ks_notrans, ks_inveid, ks_in, ks_out, ks_total, ks_type, ks_harga, ks_hpp, ks_debit, ks_kredit, ks_saldo, ks_suppel) VALUES (117, '2015-10-06 14:11:32', '100086', '', 'IN1500000002', 20, 0, 20, 'BS', 0.00, 27272.73, 545454.60, 0.00, 545454.60, '');
INSERT INTO spa_kartu_stock (ksid, ks_tgl, ks_cbid, ks_notrans, ks_inveid, ks_in, ks_out, ks_total, ks_type, ks_harga, ks_hpp, ks_debit, ks_kredit, ks_saldo, ks_suppel) VALUES (118, '2015-10-06 14:30:23', '100086', '', 'IN1500000001', 20, 0, 20, 'BS', 0.00, 27272.73, 545454.60, 0.00, 545454.60, '');


--
-- TOC entry 3105 (class 0 OID 0)
-- Dependencies: 225
-- Name: spa_kartu_stock_ksid_seq; Type: SEQUENCE SET; Schema: public; Owner: postgres
--

SELECT pg_catalog.setval('spa_kartu_stock_ksid_seq', 118, true);


--
-- TOC entry 2802 (class 0 OID 73105)
-- Dependencies: 217
-- Data for Name: spa_nota; Type: TABLE DATA; Schema: public; Owner: postgres
--

INSERT INTO spa_nota (notid, not_cbid, not_numerator, not_tgl, not_status, not_sppid, not_kasir, not_kredit_term, not_pay_method, not_nokwitansi_um, not_print, not_tampil_ppn, not_total, not_createon, not_createby, not_nomer, not_uang_muka) VALUES ('NS1500000005', '100086', '12121', '2015-10-06', 0, 'SS1500000011', NULL, 0, 'tunai', '', 3, 1, 46420.00, '2015-10-06 15:12:14', 'aris', 'NC15000005', 0.00);


--
-- TOC entry 2865 (class 0 OID 73883)
-- Dependencies: 280
-- Data for Name: spa_pricelist; Type: TABLE DATA; Schema: public; Owner: postgres
--



--
-- TOC entry 3106 (class 0 OID 0)
-- Dependencies: 279
-- Name: spa_pricelist_plid_seq; Type: SEQUENCE SET; Schema: public; Owner: postgres
--

SELECT pg_catalog.setval('spa_pricelist_plid_seq', 1, false);


--
-- TOC entry 2793 (class 0 OID 73017)
-- Dependencies: 208
-- Data for Name: spa_rak; Type: TABLE DATA; Schema: public; Owner: postgres
--

INSERT INTO spa_rak (rakid, rak_gdgid, rak_cbid, rak_deskripsi, rak_status) VALUES (1, 1, '100086', 'RAK 111', 0);


--
-- TOC entry 3107 (class 0 OID 0)
-- Dependencies: 209
-- Name: spa_rak_rakid_seq; Type: SEQUENCE SET; Schema: public; Owner: postgres
--

SELECT pg_catalog.setval('spa_rak_rakid_seq', 1, true);


--
-- TOC entry 2805 (class 0 OID 73130)
-- Dependencies: 220
-- Data for Name: spa_retbeli; Type: TABLE DATA; Schema: public; Owner: postgres
--

INSERT INTO spa_retbeli (rbid, rb_cbid, rb_tgl, rb_trbrid, rb_total, rb_createon, rb_createby, rb_alasan) VALUES ('RB1500000005', '100086', '2015-10-06', 'TB1500000040', 300000.00, '2015-10-06 12:55:01', 'aris', 'salah');


--
-- TOC entry 2806 (class 0 OID 73135)
-- Dependencies: 221
-- Data for Name: spa_retbeli_det; Type: TABLE DATA; Schema: public; Owner: postgres
--

INSERT INTO spa_retbeli_det (detb_rbid, detb_inveid, detb_inve_kode, detb_qty, detb_harga, detb_subtotal, detb_diskon) VALUES ('RB1500000005', 'IN1500000001', '11212', 10, 30000.00, 300000.00, 0);


--
-- TOC entry 2803 (class 0 OID 73122)
-- Dependencies: 218
-- Data for Name: spa_retjual; Type: TABLE DATA; Schema: public; Owner: postgres
--



--
-- TOC entry 2804 (class 0 OID 73127)
-- Dependencies: 219
-- Data for Name: spa_retjual_det; Type: TABLE DATA; Schema: public; Owner: postgres
--



--
-- TOC entry 2798 (class 0 OID 73076)
-- Dependencies: 213
-- Data for Name: spa_spesial; Type: TABLE DATA; Schema: public; Owner: postgres
--

INSERT INTO spa_spesial (speid, spe_inveid, spe_cbid, spe_harga) VALUES (1, 'IN1500000002', '100086', 2000.00);


--
-- TOC entry 3108 (class 0 OID 0)
-- Dependencies: 214
-- Name: spa_spesial_speid_seq; Type: SEQUENCE SET; Schema: public; Owner: postgres
--

SELECT pg_catalog.setval('spa_spesial_speid_seq', 8, true);


--
-- TOC entry 2795 (class 0 OID 73032)
-- Dependencies: 210
-- Data for Name: spa_supply; Type: TABLE DATA; Schema: public; Owner: postgres
--

INSERT INTO spa_supply (sppid, spp_cbid, spp_noslip, spp_tgl, spp_woid, spp_pelid, spp_pay_method, spp_tagihan, spp_tgl_tagihan, spp_status, spp_tgl_batal, spp_inextern, spp_kredit_term, spp_jenis, spp_print, spp_total, spp_total_hpp, spp_createby, spp_createon, spp_cetak_harga, spp_faktur, spp_alasan_batal, spp_batalby) VALUES ('SS1500000012', '100086', 'SP15000004', '2015-10-06', '', 'PE1500000001', 'tunai', 0, NULL, 0, '2015-10-06 14:30:22', 2, 0, 'ps', 1, 4000000.00, 545454.60, 'aris', '2015-10-06 12:13:15', 0, 0, 'SALAHH', 'aris');
INSERT INTO spa_supply (sppid, spp_cbid, spp_noslip, spp_tgl, spp_woid, spp_pelid, spp_pay_method, spp_tagihan, spp_tgl_tagihan, spp_status, spp_tgl_batal, spp_inextern, spp_kredit_term, spp_jenis, spp_print, spp_total, spp_total_hpp, spp_createby, spp_createon, spp_cetak_harga, spp_faktur, spp_alasan_batal, spp_batalby) VALUES ('SS1500000011', '100086', 'SP15000003', '2015-10-06', '', 'PE1500000001', 'tunai', 1, '2015-10-06 15:12:14', 0, '2015-10-06 14:11:31', 2, 0, 'ps', 1, 46420.00, 545454.60, 'aris', '2015-10-06 12:08:41', 1, 1, 'TEST', 'aris');


--
-- TOC entry 2796 (class 0 OID 73065)
-- Dependencies: 211
-- Data for Name: spa_supply_det; Type: TABLE DATA; Schema: public; Owner: postgres
--

INSERT INTO spa_supply_det (dsupp_sppid, dsupp_inveid, dsupp_qty, dsupp_harga, dsupp_hpp, dsupp_diskon, dsupp_subtotal, dsupp_subtotal_hpp, dsupp_qty_retur) VALUES ('SS1500000011', 'IN1500000002', 20, 2321.00, 27272.73, 0, 46420.00, 545454.60, 0);
INSERT INTO spa_supply_det (dsupp_sppid, dsupp_inveid, dsupp_qty, dsupp_harga, dsupp_hpp, dsupp_diskon, dsupp_subtotal, dsupp_subtotal_hpp, dsupp_qty_retur) VALUES ('SS1500000012', 'IN1500000001', 20, 200000.00, 27272.73, 0, 4000000.00, 545454.60, 0);


--
-- TOC entry 2800 (class 0 OID 73085)
-- Dependencies: 215
-- Data for Name: spa_trbr; Type: TABLE DATA; Schema: public; Owner: postgres
--

INSERT INTO spa_trbr (trbrid, trbr_faktur, trbr_tgl, trbr_cbid, trbr_inc_pajak, trbr_status, trbr_total, trbr_createon, trbr_createby, trbr_pay_method, trbr_kredit_term, trbr_ppn, trbr_supid) VALUES ('TB1500000038', '001001', '2015-10-06', '100086', 1, 0, 600000.00, '2015-10-06 11:41:57', 'aris', 'tunai', 0, 0.00, 'SU1500000001');
INSERT INTO spa_trbr (trbrid, trbr_faktur, trbr_tgl, trbr_cbid, trbr_inc_pajak, trbr_status, trbr_total, trbr_createon, trbr_createby, trbr_pay_method, trbr_kredit_term, trbr_ppn, trbr_supid) VALUES ('TB1500000039', '0010011', '2015-10-06', '100086', 2, 0, 600000.00, '2015-10-06 12:06:23', 'aris', 'tunai', 0, 0.00, 'SU1500000001');
INSERT INTO spa_trbr (trbrid, trbr_faktur, trbr_tgl, trbr_cbid, trbr_inc_pajak, trbr_status, trbr_total, trbr_createon, trbr_createby, trbr_pay_method, trbr_kredit_term, trbr_ppn, trbr_supid) VALUES ('TB1500000040', '0010012', '2015-10-06', '100086', 2, 0, 300000.00, '2015-10-06 12:52:00', 'aris', 'tunai', 0, 0.00, 'SU1500000002');


--
-- TOC entry 2801 (class 0 OID 73098)
-- Dependencies: 216
-- Data for Name: spa_trbr_det; Type: TABLE DATA; Schema: public; Owner: postgres
--

INSERT INTO spa_trbr_det (dtr_trbrid, dtr_inveid, dtr_inve_kode, dtr_qty, dtr_harga, dtr_diskon, dtr_ppn, dtr_subtotal, dtr_qty_retur) VALUES ('TB1500000038', 'IN1500000001', '11212', 20, 30000.00, 0, 0, 600000.00, 0);
INSERT INTO spa_trbr_det (dtr_trbrid, dtr_inveid, dtr_inve_kode, dtr_qty, dtr_harga, dtr_diskon, dtr_ppn, dtr_subtotal, dtr_qty_retur) VALUES ('TB1500000039', 'IN1500000002', '121121211111111', 20, 30000.00, 0, 0, 600000.00, 0);
INSERT INTO spa_trbr_det (dtr_trbrid, dtr_inveid, dtr_inve_kode, dtr_qty, dtr_harga, dtr_diskon, dtr_ppn, dtr_subtotal, dtr_qty_retur) VALUES ('TB1500000040', 'IN1500000001', '11212', 10, 30000.00, 0, 0, 300000.00, 10);


--
-- TOC entry 2863 (class 0 OID 73830)
-- Dependencies: 278
-- Data for Name: svc_absensi; Type: TABLE DATA; Schema: public; Owner: postgres
--

INSERT INTO svc_absensi (absid, abs_tgl, abs_krid, abs_in, abs_out, abs_total, abs_status, abs_deskripsi, abs_cbid, abs_lastupdate) VALUES (1, '2015-09-04', 'KR1500000002', '08:30:00', '16:30:00', 7, 0, '', '100086', NULL);
INSERT INTO svc_absensi (absid, abs_tgl, abs_krid, abs_in, abs_out, abs_total, abs_status, abs_deskripsi, abs_cbid, abs_lastupdate) VALUES (2, '2015-09-07', 'KR1500000002', '08:30:00', '18:30:00', 9, 0, '', '100086', NULL);
INSERT INTO svc_absensi (absid, abs_tgl, abs_krid, abs_in, abs_out, abs_total, abs_status, abs_deskripsi, abs_cbid, abs_lastupdate) VALUES (3, '2015-09-19', 'KR1500000002', '08:30:00', '16:30:00', 7, 0, '', '100086', NULL);
INSERT INTO svc_absensi (absid, abs_tgl, abs_krid, abs_in, abs_out, abs_total, abs_status, abs_deskripsi, abs_cbid, abs_lastupdate) VALUES (4, '2015-09-20', 'KR1500000002', '08:30:00', '16:30:00', 7, 0, 'test', '100086', NULL);
INSERT INTO svc_absensi (absid, abs_tgl, abs_krid, abs_in, abs_out, abs_total, abs_status, abs_deskripsi, abs_cbid, abs_lastupdate) VALUES (5, '2015-09-21', 'KR1500000002', '08:30:00', '16:30:00', 7, 0, '', '100086', NULL);
INSERT INTO svc_absensi (absid, abs_tgl, abs_krid, abs_in, abs_out, abs_total, abs_status, abs_deskripsi, abs_cbid, abs_lastupdate) VALUES (6, '2015-09-22', 'KR1500000002', '08:30:00', '16:30:00', 7, 0, '', '100086', NULL);
INSERT INTO svc_absensi (absid, abs_tgl, abs_krid, abs_in, abs_out, abs_total, abs_status, abs_deskripsi, abs_cbid, abs_lastupdate) VALUES (7, '2015-09-23', 'KR1500000002', '08:30:00', '16:30:00', 7, 0, '', '100086', NULL);


--
-- TOC entry 3109 (class 0 OID 0)
-- Dependencies: 277
-- Name: svc_absensi_absid_seq; Type: SEQUENCE SET; Schema: public; Owner: postgres
--

SELECT pg_catalog.setval('svc_absensi_absid_seq', 7, true);


--
-- TOC entry 2784 (class 0 OID 72959)
-- Dependencies: 199
-- Data for Name: svc_brate; Type: TABLE DATA; Schema: public; Owner: postgres
--

INSERT INTO svc_brate (br_cbid, br_rate, br_merkid, br_modelid) VALUES ('100086', 500000.00, NULL, NULL);


--
-- TOC entry 2788 (class 0 OID 72985)
-- Dependencies: 203
-- Data for Name: svc_clock; Type: TABLE DATA; Schema: public; Owner: postgres
--

INSERT INTO svc_clock (cloid, clo_woid, clo_status, clo_tgl, clo_cbid) VALUES ('WO1500000006', 'WO1500000006', 3, '2015-09-19', '100086');
INSERT INTO svc_clock (cloid, clo_woid, clo_status, clo_tgl, clo_cbid) VALUES ('WO1500000007', 'WO1500000007', 0, '2015-09-19', '100086');
INSERT INTO svc_clock (cloid, clo_woid, clo_status, clo_tgl, clo_cbid) VALUES ('WO1500000008', 'WO1500000008', 3, '2015-09-23', '100086');
INSERT INTO svc_clock (cloid, clo_woid, clo_status, clo_tgl, clo_cbid) VALUES ('WO1500000009', 'WO1500000009', 0, '2015-09-23', '100086');
INSERT INTO svc_clock (cloid, clo_woid, clo_status, clo_tgl, clo_cbid) VALUES ('WO1500000010', 'WO1500000010', 3, '2015-09-23', '100086');
INSERT INTO svc_clock (cloid, clo_woid, clo_status, clo_tgl, clo_cbid) VALUES ('WO1500000004', 'WO1500000004', 3, '2015-09-19', '100086');
INSERT INTO svc_clock (cloid, clo_woid, clo_status, clo_tgl, clo_cbid) VALUES ('WO1500000005', 'WO1500000005', 3, '2015-09-19', '100086');


--
-- TOC entry 2789 (class 0 OID 72994)
-- Dependencies: 204
-- Data for Name: svc_clock_det; Type: TABLE DATA; Schema: public; Owner: postgres
--

INSERT INTO svc_clock_det (det_cloid, det_start, det_end, det_mekanikid) VALUES ('WO1500000004', '2015-09-21 09:42:58', '2015-09-21 09:43:00', 'KR1500000002');
INSERT INTO svc_clock_det (det_cloid, det_start, det_end, det_mekanikid) VALUES ('WO1500000004', '2015-09-21 09:43:26', '2015-09-21 14:36:11', 'KR1500000002');
INSERT INTO svc_clock_det (det_cloid, det_start, det_end, det_mekanikid) VALUES ('WO1500000005', '2015-09-21 14:36:15', '2015-09-21 14:36:46', 'KR1500000002');
INSERT INTO svc_clock_det (det_cloid, det_start, det_end, det_mekanikid) VALUES ('WO1500000006', '2015-09-21 14:36:51', '2015-09-21 14:36:54', 'KR1500000002');
INSERT INTO svc_clock_det (det_cloid, det_start, det_end, det_mekanikid) VALUES ('WO1500000006', '2015-09-21 14:37:46', '2015-09-21 14:37:49', 'KR1500000002');
INSERT INTO svc_clock_det (det_cloid, det_start, det_end, det_mekanikid) VALUES ('WO1500000006', '2015-09-22 16:33:37', '2015-09-22 16:33:40', 'KR1500000002');
INSERT INTO svc_clock_det (det_cloid, det_start, det_end, det_mekanikid) VALUES ('WO1500000006', '2015-09-22 16:33:45', '2015-09-22 16:33:47', 'KR1500000002');
INSERT INTO svc_clock_det (det_cloid, det_start, det_end, det_mekanikid) VALUES ('WO1500000008', '2015-09-23 13:00:18', '2015-09-23 13:00:27', 'KR1500000002');
INSERT INTO svc_clock_det (det_cloid, det_start, det_end, det_mekanikid) VALUES ('WO1500000010', '2015-09-23 17:08:37', '2015-09-23 17:08:40', 'KR1500000002');


--
-- TOC entry 2785 (class 0 OID 72962)
-- Dependencies: 200
-- Data for Name: svc_frate; Type: TABLE DATA; Schema: public; Owner: postgres
--

INSERT INTO svc_frate (flatid, flat_cbid, flat_kode, flat_deskripsi, flat_fx, flat_jam, flat_brate, flat_type, flat_free_jenis, flat_lc, flat_part, flat_oli, flat_sm, flat_so, flat_total, flat_createby, flat_createon, flat_lastupdate) VALUES ('FL2000000001', '100086', '00001', 'flte rate', 2, 1, 500000.00, 1, 1, 1000000.00, 0.00, 0.00, 0.00, 0.00, 1000000.00, NULL, NULL, NULL);
INSERT INTO svc_frate (flatid, flat_cbid, flat_kode, flat_deskripsi, flat_fx, flat_jam, flat_brate, flat_type, flat_free_jenis, flat_lc, flat_part, flat_oli, flat_sm, flat_so, flat_total, flat_createby, flat_createon, flat_lastupdate) VALUES ('FL1500000002', '100086', 'FREE SERVICE 2', 'FREE SERVICE 2', 0, 0, 0.00, 2, 2, 10000.00, 50000.00, 30000.00, 0.00, 0.00, 90000.00, 'aris', '2015-08-31 15:37:59', '2015-09-01 10:03:26');
INSERT INTO svc_frate (flatid, flat_cbid, flat_kode, flat_deskripsi, flat_fx, flat_jam, flat_brate, flat_type, flat_free_jenis, flat_lc, flat_part, flat_oli, flat_sm, flat_so, flat_total, flat_createby, flat_createon, flat_lastupdate) VALUES ('FL1500000001', '100086', 'FREE SERVICE 1', 'FREE SERVICE PERTAMA', NULL, NULL, NULL, 2, 1, 10000.00, 20000.00, 30000.00, 0.00, 0.00, 60000.00, 'aris', '2015-08-31 15:32:57', '2015-09-01 10:03:52');
INSERT INTO svc_frate (flatid, flat_cbid, flat_kode, flat_deskripsi, flat_fx, flat_jam, flat_brate, flat_type, flat_free_jenis, flat_lc, flat_part, flat_oli, flat_sm, flat_so, flat_total, flat_createby, flat_createon, flat_lastupdate) VALUES ('FL1500000003', '100086', '00002', 'LAS KARBIT', 1, 2, 500000.00, 1, 1, 1000000.00, 0.00, 0.00, 0.00, 0.00, 1000000.00, 'aris', '2015-09-18 15:22:00', NULL);
INSERT INTO svc_frate (flatid, flat_cbid, flat_kode, flat_deskripsi, flat_fx, flat_jam, flat_brate, flat_type, flat_free_jenis, flat_lc, flat_part, flat_oli, flat_sm, flat_so, flat_total, flat_createby, flat_createon, flat_lastupdate) VALUES ('FL1500000004', '100086', '000022', 'LAS KARBIT SATU', 1, 2, 500000.00, 1, 1, 1000000.00, 0.00, 0.00, 0.00, 0.00, 1000000.00, 'aris', '2015-09-18 15:23:08', NULL);
INSERT INTO svc_frate (flatid, flat_cbid, flat_kode, flat_deskripsi, flat_fx, flat_jam, flat_brate, flat_type, flat_free_jenis, flat_lc, flat_part, flat_oli, flat_sm, flat_so, flat_total, flat_createby, flat_createon, flat_lastupdate) VALUES ('FL1500000005', '100086', 'KODE1', 'TSET 1', 1, 1.5, 500000.00, 1, 1, 750000.00, 0.00, 0.00, 0.00, 0.00, 750000.00, 'aris', '2015-09-18 15:25:50', NULL);
INSERT INTO svc_frate (flatid, flat_cbid, flat_kode, flat_deskripsi, flat_fx, flat_jam, flat_brate, flat_type, flat_free_jenis, flat_lc, flat_part, flat_oli, flat_sm, flat_so, flat_total, flat_createby, flat_createon, flat_lastupdate) VALUES ('FL1500000006', '100086', 'FS0001', 'FREE SERVICE 1', 0, 0, 0.00, 2, 1, 10000.00, 20000.00, 30000.00, 40000.00, 5000.00, 105000.00, 'aris', '2015-09-23 11:33:29', NULL);
INSERT INTO svc_frate (flatid, flat_cbid, flat_kode, flat_deskripsi, flat_fx, flat_jam, flat_brate, flat_type, flat_free_jenis, flat_lc, flat_part, flat_oli, flat_sm, flat_so, flat_total, flat_createby, flat_createon, flat_lastupdate) VALUES ('FL1500000007', '100086', 'FS0002', 'FREE SERVICE 2', 0, 0, 0.00, 2, 1, 50000.00, 1000.00, 2000.00, 2000.00, 3000.00, 58000.00, 'aris', '2015-09-23 11:35:22', '2015-09-23 13:01:22');


--
-- TOC entry 2807 (class 0 OID 73138)
-- Dependencies: 222
-- Data for Name: svc_invoice; Type: TABLE DATA; Schema: public; Owner: postgres
--

INSERT INTO svc_invoice (invid, inv_woid, inv_cbid, inv_tgl, inv_fchecker, inv_kasir, inv_pay_method, inv_numerator, inv_inextern, inv_tampil_ppn, inv_print, inv_tagihan, inv_status, inv_spart, inv_oli, inv_sm, inv_so, inv_hpp_spart, inv_hpp_oli, inv_hpp_sm, inv_hpp_so, inv_ppn, inv_total, inv_createon, inv_createby, inv_lc, inv_catatan, inv_tgl_tagihan, inv_tgl_batal) VALUES ('IV1500000003', 'WO1500000008', '100086', '2015-09-23', 'KR1500000003', 'KR1500000005', 'tunai', '', 2, 1, 0, 1, 0, 20000.00, 30000.00, 40000.00, 5000.00, 54545.46, 0.00, 27056.28, 0.00, 0.00, 105000.00, '2015-09-23 14:45:53', 'aris', 10000.00, 'test', '2015-09-30', NULL);
INSERT INTO svc_invoice (invid, inv_woid, inv_cbid, inv_tgl, inv_fchecker, inv_kasir, inv_pay_method, inv_numerator, inv_inextern, inv_tampil_ppn, inv_print, inv_tagihan, inv_status, inv_spart, inv_oli, inv_sm, inv_so, inv_hpp_spart, inv_hpp_oli, inv_hpp_sm, inv_hpp_so, inv_ppn, inv_total, inv_createon, inv_createby, inv_lc, inv_catatan, inv_tgl_tagihan, inv_tgl_batal) VALUES ('IV1500000004', 'WO1500000004', '100086', '2015-09-23', 'KR1500000003', 'KR1500000005', 'tunai', '', 2, 0, 0, 1, 0, 60000.00, 0.00, 200000.00, 0.00, 63636.37, 0.00, 22727.27, 0.00, 0.00, 2260000.00, '2015-09-23 14:50:02', 'aris', 2000000.00, '', '2015-09-30', NULL);
INSERT INTO svc_invoice (invid, inv_woid, inv_cbid, inv_tgl, inv_fchecker, inv_kasir, inv_pay_method, inv_numerator, inv_inextern, inv_tampil_ppn, inv_print, inv_tagihan, inv_status, inv_spart, inv_oli, inv_sm, inv_so, inv_hpp_spart, inv_hpp_oli, inv_hpp_sm, inv_hpp_so, inv_ppn, inv_total, inv_createon, inv_createby, inv_lc, inv_catatan, inv_tgl_tagihan, inv_tgl_batal) VALUES ('IV1500000005', 'WO1500000010', '100086', '2015-09-23', 'KR1500000003', 'KR1500000005', 'tunai', '', 2, 1, 0, 0, 0, 0.00, 0.00, 0.00, 0.00, 0.00, 0.00, 0.00, 0.00, 0.00, 900000.00, '2015-09-23 17:10:50', 'aris', 900000.00, '', '2015-09-30', NULL);


--
-- TOC entry 2808 (class 0 OID 73153)
-- Dependencies: 223
-- Data for Name: svc_invoice_det; Type: TABLE DATA; Schema: public; Owner: postgres
--

INSERT INTO svc_invoice_det (dinv_invid, dinv_flatid, dinv_harga, dinv_diskon, dinv_subtotal) VALUES ('IV1500000003', 'FL1500000006', 10000.00, 0, 10000.00);
INSERT INTO svc_invoice_det (dinv_invid, dinv_flatid, dinv_harga, dinv_diskon, dinv_subtotal) VALUES ('IV1500000004', 'FL2000000001', 1000000.00, 0, 1000000.00);
INSERT INTO svc_invoice_det (dinv_invid, dinv_flatid, dinv_harga, dinv_diskon, dinv_subtotal) VALUES ('IV1500000004', 'FL1500000003', 1000000.00, 0, 1000000.00);
INSERT INTO svc_invoice_det (dinv_invid, dinv_flatid, dinv_harga, dinv_diskon, dinv_subtotal) VALUES ('IV1500000005', 'FL1500000003', 1000000.00, 10, 900000.00);


--
-- TOC entry 2786 (class 0 OID 72974)
-- Dependencies: 201
-- Data for Name: svc_stall; Type: TABLE DATA; Schema: public; Owner: postgres
--

INSERT INTO svc_stall (stallid, stall_nomer, stall_cbid) VALUES (1, '100', '100086');
INSERT INTO svc_stall (stallid, stall_nomer, stall_cbid) VALUES (2, '00111', '100086');


--
-- TOC entry 3110 (class 0 OID 0)
-- Dependencies: 202
-- Name: svc_stall_stallid_seq; Type: SEQUENCE SET; Schema: public; Owner: postgres
--

SELECT pg_catalog.setval('svc_stall_stallid_seq', 2, true);


--
-- TOC entry 2779 (class 0 OID 72903)
-- Dependencies: 194
-- Data for Name: svc_wo; Type: TABLE DATA; Schema: public; Owner: postgres
--

INSERT INTO svc_wo (woid, wo_nomer, wo_cbid, wo_numerator, wo_pelid, wo_tgl, wo_mulai, wo_selesai, wo_sa, wo_mekanik, wo_km, wo_mscid, wo_inextern, wo_inv_status, wo_status, wo_total, wo_stallid, wo_print, wo_clockoff, wo_booking, wo_uploaded, wo_ismws, wo_createby, wo_createon, wo_tunggu, wo_jenis, wo_pembawa, wo_type, wo_inv_tgl) VALUES ('WO1500000005', 'IU15000005', '100086', '00012', 'PE1500000001', '2015-09-19', NULL, '2015-09-19 13:13:00', 'KR1500000001', '', 10, 'CA1500000004', 2, 0, 0, 0.00, '2', 0, NULL, 0, 7, 0, 'aris', '2015-09-19 13:14:00', 'tinggal', 'IU', '', 1, NULL);
INSERT INTO svc_wo (woid, wo_nomer, wo_cbid, wo_numerator, wo_pelid, wo_tgl, wo_mulai, wo_selesai, wo_sa, wo_mekanik, wo_km, wo_mscid, wo_inextern, wo_inv_status, wo_status, wo_total, wo_stallid, wo_print, wo_clockoff, wo_booking, wo_uploaded, wo_ismws, wo_createby, wo_createon, wo_tunggu, wo_jenis, wo_pembawa, wo_type, wo_inv_tgl) VALUES ('WO1500000006', 'IU15000006', '100086', '009988', 'PE1500000001', '2015-09-19', NULL, '2015-09-19 13:46:00', 'KR1500000001', '', 10, 'CA1500000004', 2, 0, 0, 0.00, '1', 0, NULL, 0, 8, 0, 'aris', '2015-09-19 13:47:01', 'tinggal', 'IU', 'aris', 1, NULL);
INSERT INTO svc_wo (woid, wo_nomer, wo_cbid, wo_numerator, wo_pelid, wo_tgl, wo_mulai, wo_selesai, wo_sa, wo_mekanik, wo_km, wo_mscid, wo_inextern, wo_inv_status, wo_status, wo_total, wo_stallid, wo_print, wo_clockoff, wo_booking, wo_uploaded, wo_ismws, wo_createby, wo_createon, wo_tunggu, wo_jenis, wo_pembawa, wo_type, wo_inv_tgl) VALUES ('WO1500000007', 'IU15000007', '100086', '09090', 'PE1500000001', '2015-09-19', NULL, '2015-09-19 13:46:00', 'KR1500000001', '', 1000, 'CA1500000004', 2, 0, 0, 0.00, '1', 0, NULL, 0, 9, 0, 'aris', '2015-09-19 13:58:24', 'tunggu', 'IU', 'aris', 1, NULL);
INSERT INTO svc_wo (woid, wo_nomer, wo_cbid, wo_numerator, wo_pelid, wo_tgl, wo_mulai, wo_selesai, wo_sa, wo_mekanik, wo_km, wo_mscid, wo_inextern, wo_inv_status, wo_status, wo_total, wo_stallid, wo_print, wo_clockoff, wo_booking, wo_uploaded, wo_ismws, wo_createby, wo_createon, wo_tunggu, wo_jenis, wo_pembawa, wo_type, wo_inv_tgl) VALUES ('WO1500000008', 'DD15000001', '100086', '11', 'PE1500000001', '2015-09-23', NULL, '2015-09-23 11:48:00', 'KR1500000001', '', 32123, 'CA1500000004', 2, 1, 0, 0.00, '2', 0, NULL, 0, 10, 0, 'aris', '2015-09-23 11:49:13', 'tunggu', 'DD', 'aris', 2, NULL);
INSERT INTO svc_wo (woid, wo_nomer, wo_cbid, wo_numerator, wo_pelid, wo_tgl, wo_mulai, wo_selesai, wo_sa, wo_mekanik, wo_km, wo_mscid, wo_inextern, wo_inv_status, wo_status, wo_total, wo_stallid, wo_print, wo_clockoff, wo_booking, wo_uploaded, wo_ismws, wo_createby, wo_createon, wo_tunggu, wo_jenis, wo_pembawa, wo_type, wo_inv_tgl) VALUES ('WO1500000004', 'IU15000004', '100086', '00998', 'PE1500000001', '2015-09-19', NULL, '2015-09-19 13:07:00', 'KR1500000001', '', 10, 'CA1500000004', 2, 1, 0, 0.00, '1', NULL, NULL, 0, 6, 0, 'aris', '2015-09-19 13:09:06', 'tinggal', 'IU', '', 1, NULL);
INSERT INTO svc_wo (woid, wo_nomer, wo_cbid, wo_numerator, wo_pelid, wo_tgl, wo_mulai, wo_selesai, wo_sa, wo_mekanik, wo_km, wo_mscid, wo_inextern, wo_inv_status, wo_status, wo_total, wo_stallid, wo_print, wo_clockoff, wo_booking, wo_uploaded, wo_ismws, wo_createby, wo_createon, wo_tunggu, wo_jenis, wo_pembawa, wo_type, wo_inv_tgl) VALUES ('WO1500000009', 'IU15000008', '100086', '099898', 'PE1500000001', '2015-09-23', NULL, '2015-09-23 16:58:00', 'KR1500000001', '', 10, 'CA1500000007', 2, 0, 0, 0.00, '1', 0, NULL, 0, 11, 0, 'aris', '2015-09-23 17:01:03', 'tinggal', 'IU', 'aris', 1, NULL);
INSERT INTO svc_wo (woid, wo_nomer, wo_cbid, wo_numerator, wo_pelid, wo_tgl, wo_mulai, wo_selesai, wo_sa, wo_mekanik, wo_km, wo_mscid, wo_inextern, wo_inv_status, wo_status, wo_total, wo_stallid, wo_print, wo_clockoff, wo_booking, wo_uploaded, wo_ismws, wo_createby, wo_createon, wo_tunggu, wo_jenis, wo_pembawa, wo_type, wo_inv_tgl) VALUES ('WO1500000010', 'OI15000001', '100086', 'sdsds', 'PE1500000001', '2015-09-23', NULL, '2015-09-23 17:05:00', 'KR1500000001', '', 10, 'CA1500000005', 2, 1, 0, 0.00, '1', 0, NULL, 0, 12, 0, 'aris', '2015-09-23 17:06:30', 'tunggu', 'OI', 'asdsd', 1, '2015-09-23');


--
-- TOC entry 2868 (class 0 OID 74120)
-- Dependencies: 283
-- Data for Name: svc_wo_jasa; Type: TABLE DATA; Schema: public; Owner: postgres
--

INSERT INTO svc_wo_jasa (wojid, woj_woid, woj_keluhan, woj_flatid, woj_namajasa, woj_rate, woj_subtotal) VALUES (8, 'WO1500000004', 'TEST 1', 'FL2000000001', 'FLTE RATE', 1000000, 1000000);
INSERT INTO svc_wo_jasa (wojid, woj_woid, woj_keluhan, woj_flatid, woj_namajasa, woj_rate, woj_subtotal) VALUES (9, 'WO1500000005', 'AAS', 'FL1500000003', 'LAS KARBIT', 1000000, 1000000);
INSERT INTO svc_wo_jasa (wojid, woj_woid, woj_keluhan, woj_flatid, woj_namajasa, woj_rate, woj_subtotal) VALUES (10, 'WO1500000005', '', 'FL1500000005', 'TSET 1', 750000, 750000);
INSERT INTO svc_wo_jasa (wojid, woj_woid, woj_keluhan, woj_flatid, woj_namajasa, woj_rate, woj_subtotal) VALUES (11, 'WO1500000006', 'AAAAA', 'FL1500000003', 'LAS KARBIT', 1000000, 1000000);
INSERT INTO svc_wo_jasa (wojid, woj_woid, woj_keluhan, woj_flatid, woj_namajasa, woj_rate, woj_subtotal) VALUES (12, 'WO1500000006', 'BBBBB', 'FL1500000004', 'LAS KARBIT SATU', 1000000, 1000000);
INSERT INTO svc_wo_jasa (wojid, woj_woid, woj_keluhan, woj_flatid, woj_namajasa, woj_rate, woj_subtotal) VALUES (13, 'WO1500000007', 'TEST1', 'FL1500000003', 'LAS KARBIT', 1000000, 1000000);
INSERT INTO svc_wo_jasa (wojid, woj_woid, woj_keluhan, woj_flatid, woj_namajasa, woj_rate, woj_subtotal) VALUES (14, 'WO1500000007', 'TEST2', 'FL1500000004', 'LAS KARBIT SATU', 1000000, 1000000);
INSERT INTO svc_wo_jasa (wojid, woj_woid, woj_keluhan, woj_flatid, woj_namajasa, woj_rate, woj_subtotal) VALUES (15, 'WO1500000008', 'ARISSSS', 'FL1500000006', 'FREE SERVICE 1', 10000, 105000);
INSERT INTO svc_wo_jasa (wojid, woj_woid, woj_keluhan, woj_flatid, woj_namajasa, woj_rate, woj_subtotal) VALUES (16, 'WO1500000009', 'A', 'FL1500000004', 'LAS KARBIT SATU', 1000000, 1000000);
INSERT INTO svc_wo_jasa (wojid, woj_woid, woj_keluhan, woj_flatid, woj_namajasa, woj_rate, woj_subtotal) VALUES (17, 'WO1500000010', '111', 'FL1500000003', 'LAS KARBIT', 1000000, 1000000);


--
-- TOC entry 3111 (class 0 OID 0)
-- Dependencies: 282
-- Name: svc_wo_jasa_wojid_seq; Type: SEQUENCE SET; Schema: public; Owner: postgres
--

SELECT pg_catalog.setval('svc_wo_jasa_wojid_seq', 17, true);


--
-- TOC entry 2781 (class 0 OID 72934)
-- Dependencies: 196
-- Data for Name: svc_wo_jenis; Type: TABLE DATA; Schema: public; Owner: postgres
--

INSERT INTO svc_wo_jenis (woj_kode, woj_deskripsi, woj_cbid, woj_urut, woj_type, wojid) VALUES ('IU', 'PERBAIKAN UMUM', '100086', 1, 1, 1);
INSERT INTO svc_wo_jenis (woj_kode, woj_deskripsi, woj_cbid, woj_urut, woj_type, wojid) VALUES ('OI', 'LAIN - LAIN', '100086', 2, 1, 2);
INSERT INTO svc_wo_jenis (woj_kode, woj_deskripsi, woj_cbid, woj_urut, woj_type, wojid) VALUES ('EU', 'CLAIM SALAH KERJA UMUM', '100086', 3, 1, 3);
INSERT INTO svc_wo_jenis (woj_kode, woj_deskripsi, woj_cbid, woj_urut, woj_type, wojid) VALUES ('FJ', 'FREE JASA', '100086', 4, 1, 4);
INSERT INTO svc_wo_jenis (woj_kode, woj_deskripsi, woj_cbid, woj_urut, woj_type, wojid) VALUES ('DP', 'PRE DELIVERY INSPECTION', '100086', 8, 1, 8);
INSERT INTO svc_wo_jenis (woj_kode, woj_deskripsi, woj_cbid, woj_urut, woj_type, wojid) VALUES ('DU', 'CLAIM ATPM', '100086', 9, 1, 9);
INSERT INTO svc_wo_jenis (woj_kode, woj_deskripsi, woj_cbid, woj_urut, woj_type, wojid) VALUES ('PR', 'PART ONLY', '100086', 10, 1, 10);
INSERT INTO svc_wo_jenis (woj_kode, woj_deskripsi, woj_cbid, woj_urut, woj_type, wojid) VALUES ('SP', 'PENGELUARAN SERVICE', '100086', 11, 1, 11);
INSERT INTO svc_wo_jenis (woj_kode, woj_deskripsi, woj_cbid, woj_urut, woj_type, wojid) VALUES ('DD', 'FREE SERVICE I', '100086', 5, 2, 5);
INSERT INTO svc_wo_jenis (woj_kode, woj_deskripsi, woj_cbid, woj_urut, woj_type, wojid) VALUES ('DS', 'FREE SERVICE II', '100086', 6, 2, 6);
INSERT INTO svc_wo_jenis (woj_kode, woj_deskripsi, woj_cbid, woj_urut, woj_type, wojid) VALUES ('FS', 'FREE SERVICE III', '100086', 7, 2, 7);


--
-- TOC entry 3112 (class 0 OID 0)
-- Dependencies: 281
-- Name: svc_wo_jenis_wojid_seq; Type: SEQUENCE SET; Schema: public; Owner: postgres
--

SELECT pg_catalog.setval('svc_wo_jenis_wojid_seq', 11, true);


--
-- TOC entry 2869 (class 0 OID 74138)
-- Dependencies: 284
-- Data for Name: svc_wo_part; Type: TABLE DATA; Schema: public; Owner: postgres
--

INSERT INTO svc_wo_part (wop_woid, wop_inveid, wop_qty, wop_harga, wop_subtotal, wop_hpp, wop_subtotalhpp) VALUES ('WO1500000004', 'IN1500000001', 2, 200000, 400000, 0, 0);
INSERT INTO svc_wo_part (wop_woid, wop_inveid, wop_qty, wop_harga, wop_subtotal, wop_hpp, wop_subtotalhpp) VALUES ('WO1500000004', 'IN1500000002', 4, 10000, 40000, 0, 0);
INSERT INTO svc_wo_part (wop_woid, wop_inveid, wop_qty, wop_harga, wop_subtotal, wop_hpp, wop_subtotalhpp) VALUES ('WO1500000005', 'IN1500000002', 2, 10000, 20000, 0, 0);
INSERT INTO svc_wo_part (wop_woid, wop_inveid, wop_qty, wop_harga, wop_subtotal, wop_hpp, wop_subtotalhpp) VALUES ('WO1500000006', 'IN1500000001', 2, 200000, 400000, 0, 0);
INSERT INTO svc_wo_part (wop_woid, wop_inveid, wop_qty, wop_harga, wop_subtotal, wop_hpp, wop_subtotalhpp) VALUES ('WO1500000007', 'IN1500000002', 1, 10000, 10000, 0, 0);


--
-- TOC entry 2870 (class 0 OID 74151)
-- Dependencies: 285
-- Data for Name: svc_wo_suborder; Type: TABLE DATA; Schema: public; Owner: postgres
--

INSERT INTO svc_wo_suborder (wos_woid, wos_nama, wos_harga, wos_hpp) VALUES ('WO1500000004', 'TEST', 2000, 0);


--
-- TOC entry 3113 (class 0 OID 0)
-- Dependencies: 195
-- Name: svc_wo_wo_uploaded_seq; Type: SEQUENCE SET; Schema: public; Owner: postgres
--

SELECT pg_catalog.setval('svc_wo_wo_uploaded_seq', 12, true);


--
-- TOC entry 2676 (class 2606 OID 73851)
-- Name: absensi_pk; Type: CONSTRAINT; Schema: public; Owner: postgres; Tablespace: 
--

ALTER TABLE ONLY svc_absensi
    ADD CONSTRAINT absensi_pk PRIMARY KEY (absid);


--
-- TOC entry 2686 (class 2606 OID 74457)
-- Name: adjustment_pk; Type: CONSTRAINT; Schema: public; Owner: postgres; Tablespace: 
--

ALTER TABLE ONLY spa_adjustment
    ADD CONSTRAINT adjustment_pk PRIMARY KEY (adjid);


--
-- TOC entry 2688 (class 2606 OID 74488)
-- Name: adjustment_unik; Type: CONSTRAINT; Schema: public; Owner: postgres; Tablespace: 
--

ALTER TABLE ONLY spa_adjustment
    ADD CONSTRAINT adjustment_unik UNIQUE (adj_nomer, adj_cbid);


--
-- TOC entry 2620 (class 2606 OID 73193)
-- Name: agenda_pk; Type: CONSTRAINT; Schema: public; Owner: postgres; Tablespace: 
--

ALTER TABLE ONLY pros_agenda
    ADD CONSTRAINT agenda_pk PRIMARY KEY (agenid);


--
-- TOC entry 2668 (class 2606 OID 73436)
-- Name: aksesoris_pk; Type: CONSTRAINT; Schema: public; Owner: postgres; Tablespace: 
--

ALTER TABLE ONLY ms_aksesories
    ADD CONSTRAINT aksesoris_pk PRIMARY KEY (aksid);


--
-- TOC entry 2638 (class 2606 OID 73298)
-- Name: atj_pk; Type: CONSTRAINT; Schema: public; Owner: postgres; Tablespace: 
--

ALTER TABLE ONLY ms_auto_jurnal
    ADD CONSTRAINT atj_pk PRIMARY KEY (atjid);


--
-- TOC entry 2670 (class 2606 OID 73456)
-- Name: atr_pk; Type: CONSTRAINT; Schema: public; Owner: postgres; Tablespace: 
--

ALTER TABLE ONLY pen_spk_atribut
    ADD CONSTRAINT atr_pk PRIMARY KEY (atrid);


--
-- TOC entry 2632 (class 2606 OID 73257)
-- Name: bank_pk; Type: CONSTRAINT; Schema: public; Owner: postgres; Tablespace: 
--

ALTER TABLE ONLY ms_bank
    ADD CONSTRAINT bank_pk PRIMARY KEY (bankid);


--
-- TOC entry 2575 (class 2606 OID 73768)
-- Name: basic_rate_pk; Type: CONSTRAINT; Schema: public; Owner: postgres; Tablespace: 
--

ALTER TABLE ONLY svc_brate
    ADD CONSTRAINT basic_rate_pk PRIMARY KEY (br_cbid);


--
-- TOC entry 2652 (class 2606 OID 73360)
-- Name: bbn_pk; Type: CONSTRAINT; Schema: public; Owner: postgres; Tablespace: 
--

ALTER TABLE ONLY pen_bbn
    ADD CONSTRAINT bbn_pk PRIMARY KEY (bbnid);


--
-- TOC entry 2650 (class 2606 OID 73346)
-- Name: bpk_pk; Type: CONSTRAINT; Schema: public; Owner: postgres; Tablespace: 
--

ALTER TABLE ONLY pen_bpk
    ADD CONSTRAINT bpk_pk PRIMARY KEY (bpkid);


--
-- TOC entry 2646 (class 2606 OID 73330)
-- Name: byr_pk; Type: CONSTRAINT; Schema: public; Owner: postgres; Tablespace: 
--

ALTER TABLE ONLY pen_faktur_payment
    ADD CONSTRAINT byr_pk PRIMARY KEY (byrid);


--
-- TOC entry 2534 (class 2606 OID 72724)
-- Name: cabang_pk; Type: CONSTRAINT; Schema: public; Owner: postgres; Tablespace: 
--

ALTER TABLE ONLY ms_cabang
    ADD CONSTRAINT cabang_pk PRIMARY KEY (cbid);


--
-- TOC entry 2567 (class 2606 OID 72902)
-- Name: car_type_pk; Type: CONSTRAINT; Schema: public; Owner: postgres; Tablespace: 
--

ALTER TABLE ONLY ms_car_type
    ADD CONSTRAINT car_type_pk PRIMARY KEY (ctyid);


--
-- TOC entry 2630 (class 2606 OID 73252)
-- Name: cc_pk; Type: CONSTRAINT; Schema: public; Owner: postgres; Tablespace: 
--

ALTER TABLE ONLY ms_cost_center
    ADD CONSTRAINT cc_pk PRIMARY KEY (ccid);


--
-- TOC entry 2654 (class 2606 OID 73371)
-- Name: ceklist_pk; Type: CONSTRAINT; Schema: public; Owner: postgres; Tablespace: 
--

ALTER TABLE ONLY pen_ceklist
    ADD CONSTRAINT ceklist_pk PRIMARY KEY (pecekid);


--
-- TOC entry 2584 (class 2606 OID 72993)
-- Name: clock_pk; Type: CONSTRAINT; Schema: public; Owner: postgres; Tablespace: 
--

ALTER TABLE ONLY svc_clock
    ADD CONSTRAINT clock_pk PRIMARY KEY (cloid);


--
-- TOC entry 2628 (class 2606 OID 73247)
-- Name: coa_pk; Type: CONSTRAINT; Schema: public; Owner: postgres; Tablespace: 
--

ALTER TABLE ONLY ms_coa
    ADD CONSTRAINT coa_pk PRIMARY KEY (coaid);


--
-- TOC entry 2536 (class 2606 OID 72732)
-- Name: company_pk; Type: CONSTRAINT; Schema: public; Owner: postgres; Tablespace: 
--

ALTER TABLE ONLY ms_company
    ADD CONSTRAINT company_pk PRIMARY KEY (compid);


--
-- TOC entry 2551 (class 2606 OID 72794)
-- Name: departemen_pk; Type: CONSTRAINT; Schema: public; Owner: postgres; Tablespace: 
--

ALTER TABLE ONLY ms_departemen
    ADD CONSTRAINT departemen_pk PRIMARY KEY (deptid);


--
-- TOC entry 2662 (class 2606 OID 73415)
-- Name: do_pk; Type: CONSTRAINT; Schema: public; Owner: postgres; Tablespace: 
--

ALTER TABLE ONLY pen_do
    ADD CONSTRAINT do_pk PRIMARY KEY (doid);


--
-- TOC entry 2666 (class 2606 OID 73425)
-- Name: fat_pk; Type: CONSTRAINT; Schema: public; Owner: postgres; Tablespace: 
--

ALTER TABLE ONLY pen_fat
    ADD CONSTRAINT fat_pk PRIMARY KEY (fatid);


--
-- TOC entry 2674 (class 2606 OID 73475)
-- Name: fkp_pk; Type: CONSTRAINT; Schema: public; Owner: postgres; Tablespace: 
--

ALTER TABLE ONLY pen_faktur
    ADD CONSTRAINT fkp_pk PRIMARY KEY (fkpid);


--
-- TOC entry 2577 (class 2606 OID 72972)
-- Name: flat_unik; Type: CONSTRAINT; Schema: public; Owner: postgres; Tablespace: 
--

ALTER TABLE ONLY svc_frate
    ADD CONSTRAINT flat_unik UNIQUE (flat_kode, flat_cbid);


--
-- TOC entry 2580 (class 2606 OID 72970)
-- Name: flate_rate_pk; Type: CONSTRAINT; Schema: public; Owner: postgres; Tablespace: 
--

ALTER TABLE ONLY svc_frate
    ADD CONSTRAINT flate_rate_pk PRIMARY KEY (flatid);


--
-- TOC entry 2622 (class 2606 OID 73198)
-- Name: followup_pk; Type: CONSTRAINT; Schema: public; Owner: postgres; Tablespace: 
--

ALTER TABLE ONLY pros_follow
    ADD CONSTRAINT followup_pk PRIMARY KEY (followid);


--
-- TOC entry 2664 (class 2606 OID 73420)
-- Name: fpk_pk; Type: CONSTRAINT; Schema: public; Owner: postgres; Tablespace: 
--

ALTER TABLE ONLY pen_fpk
    ADD CONSTRAINT fpk_pk PRIMARY KEY (fpkid);


--
-- TOC entry 2624 (class 2606 OID 73227)
-- Name: fpt_pk; Type: CONSTRAINT; Schema: public; Owner: postgres; Tablespace: 
--

ALTER TABLE ONLY pen_fpt
    ADD CONSTRAINT fpt_pk PRIMARY KEY (fptid);


--
-- TOC entry 2596 (class 2606 OID 73072)
-- Name: grade_pk; Type: CONSTRAINT; Schema: public; Owner: postgres; Tablespace: 
--

ALTER TABLE ONLY spa_grade
    ADD CONSTRAINT grade_pk PRIMARY KEY (gradid);


--
-- TOC entry 2555 (class 2606 OID 72810)
-- Name: group_cabang_pk; Type: CONSTRAINT; Schema: public; Owner: postgres; Tablespace: 
--

ALTER TABLE ONLY ms_group_cabang
    ADD CONSTRAINT group_cabang_pk PRIMARY KEY (groupid);


--
-- TOC entry 2590 (class 2606 OID 73016)
-- Name: gudang_pk; Type: CONSTRAINT; Schema: public; Owner: postgres; Tablespace: 
--

ALTER TABLE ONLY spa_gudang
    ADD CONSTRAINT gudang_pk PRIMARY KEY (gdgid);


--
-- TOC entry 2586 (class 2606 OID 73870)
-- Name: inventory_pk; Type: CONSTRAINT; Schema: public; Owner: postgres; Tablespace: 
--

ALTER TABLE ONLY spa_inventory
    ADD CONSTRAINT inventory_pk PRIMARY KEY (inveid);


--
-- TOC entry 2588 (class 2606 OID 73878)
-- Name: inventory_unik; Type: CONSTRAINT; Schema: public; Owner: postgres; Tablespace: 
--

ALTER TABLE ONLY spa_inventory
    ADD CONSTRAINT inventory_unik UNIQUE (inve_kode, inve_cbid);


--
-- TOC entry 2611 (class 2606 OID 73152)
-- Name: invoice_pk; Type: CONSTRAINT; Schema: public; Owner: postgres; Tablespace: 
--

ALTER TABLE ONLY svc_invoice
    ADD CONSTRAINT invoice_pk PRIMARY KEY (invid);


--
-- TOC entry 2553 (class 2606 OID 72799)
-- Name: jabatan_pk; Type: CONSTRAINT; Schema: public; Owner: postgres; Tablespace: 
--

ALTER TABLE ONLY ms_jabatan
    ADD CONSTRAINT jabatan_pk PRIMARY KEY (jabid);


--
-- TOC entry 2648 (class 2606 OID 73341)
-- Name: jkn_pk; Type: CONSTRAINT; Schema: public; Owner: postgres; Tablespace: 
--

ALTER TABLE ONLY ms_jenis_kendaraan
    ADD CONSTRAINT jkn_pk PRIMARY KEY (jknid);


--
-- TOC entry 2614 (class 2606 OID 73166)
-- Name: kartu_stock_pk; Type: CONSTRAINT; Schema: public; Owner: postgres; Tablespace: 
--

ALTER TABLE ONLY spa_kartu_stock
    ADD CONSTRAINT kartu_stock_pk PRIMARY KEY (ksid);


--
-- TOC entry 2542 (class 2606 OID 72761)
-- Name: karyawan_pk; Type: CONSTRAINT; Schema: public; Owner: postgres; Tablespace: 
--

ALTER TABLE ONLY ms_karyawan
    ADD CONSTRAINT karyawan_pk PRIMARY KEY (krid);


--
-- TOC entry 2549 (class 2606 OID 72783)
-- Name: kota_pk; Type: CONSTRAINT; Schema: public; Owner: postgres; Tablespace: 
--

ALTER TABLE ONLY ms_kota
    ADD CONSTRAINT kota_pk PRIMARY KEY (kotaid);


--
-- TOC entry 2634 (class 2606 OID 73262)
-- Name: kst_pk; Type: CONSTRAINT; Schema: public; Owner: postgres; Tablespace: 
--

ALTER TABLE ONLY ksr_trans
    ADD CONSTRAINT kst_pk PRIMARY KEY (kstid);


--
-- TOC entry 2642 (class 2606 OID 73314)
-- Name: leas_pk; Type: CONSTRAINT; Schema: public; Owner: postgres; Tablespace: 
--

ALTER TABLE ONLY ms_leasing
    ADD CONSTRAINT leas_pk PRIMARY KEY (leasid);


--
-- TOC entry 2538 (class 2606 OID 72741)
-- Name: menu_pk; Type: CONSTRAINT; Schema: public; Owner: postgres; Tablespace: 
--

ALTER TABLE ONLY ms_menu
    ADD CONSTRAINT menu_pk PRIMARY KEY (menuid);


--
-- TOC entry 2563 (class 2606 OID 72879)
-- Name: merk_pk; Type: CONSTRAINT; Schema: public; Owner: postgres; Tablespace: 
--

ALTER TABLE ONLY ms_car_merk
    ADD CONSTRAINT merk_pk PRIMARY KEY (merkid);


--
-- TOC entry 2565 (class 2606 OID 72891)
-- Name: model_pk; Type: CONSTRAINT; Schema: public; Owner: postgres; Tablespace: 
--

ALTER TABLE ONLY ms_car_model
    ADD CONSTRAINT model_pk PRIMARY KEY (modelid);


--
-- TOC entry 2559 (class 2606 OID 72866)
-- Name: ms_cars_pk; Type: CONSTRAINT; Schema: public; Owner: postgres; Tablespace: 
--

ALTER TABLE ONLY ms_car
    ADD CONSTRAINT ms_cars_pk PRIMARY KEY (mscid);


--
-- TOC entry 2604 (class 2606 OID 73121)
-- Name: nota_pk; Type: CONSTRAINT; Schema: public; Owner: postgres; Tablespace: 
--

ALTER TABLE ONLY spa_nota
    ADD CONSTRAINT nota_pk PRIMARY KEY (notid);


--
-- TOC entry 2545 (class 2606 OID 72772)
-- Name: pelanggan_pk; Type: CONSTRAINT; Schema: public; Owner: postgres; Tablespace: 
--

ALTER TABLE ONLY ms_pelanggan
    ADD CONSTRAINT pelanggan_pk PRIMARY KEY (pelid);


--
-- TOC entry 2679 (class 2606 OID 73888)
-- Name: pricelist_pk; Type: CONSTRAINT; Schema: public; Owner: postgres; Tablespace: 
--

ALTER TABLE ONLY spa_pricelist
    ADD CONSTRAINT pricelist_pk PRIMARY KEY (plid);


--
-- TOC entry 2547 (class 2606 OID 72778)
-- Name: propinsi_pk; Type: CONSTRAINT; Schema: public; Owner: postgres; Tablespace: 
--

ALTER TABLE ONLY ms_propinsi
    ADD CONSTRAINT propinsi_pk PRIMARY KEY (propid);


--
-- TOC entry 2616 (class 2606 OID 73171)
-- Name: prospek_pk; Type: CONSTRAINT; Schema: public; Owner: postgres; Tablespace: 
--

ALTER TABLE ONLY pros_data
    ADD CONSTRAINT prospek_pk PRIMARY KEY (prosid);


--
-- TOC entry 2592 (class 2606 OID 73031)
-- Name: rak_pk; Type: CONSTRAINT; Schema: public; Owner: postgres; Tablespace: 
--

ALTER TABLE ONLY spa_rak
    ADD CONSTRAINT rak_pk PRIMARY KEY (rakid);


--
-- TOC entry 2609 (class 2606 OID 73134)
-- Name: retur_beli_pk; Type: CONSTRAINT; Schema: public; Owner: postgres; Tablespace: 
--

ALTER TABLE ONLY spa_retbeli
    ADD CONSTRAINT retur_beli_pk PRIMARY KEY (rbid);


--
-- TOC entry 2607 (class 2606 OID 73126)
-- Name: retur_jual_pk; Type: CONSTRAINT; Schema: public; Owner: postgres; Tablespace: 
--

ALTER TABLE ONLY spa_retjual
    ADD CONSTRAINT retur_jual_pk PRIMARY KEY (rjid);


--
-- TOC entry 2540 (class 2606 OID 72750)
-- Name: role_pk; Type: CONSTRAINT; Schema: public; Owner: postgres; Tablespace: 
--

ALTER TABLE ONLY ms_role
    ADD CONSTRAINT role_pk PRIMARY KEY (roleid);


--
-- TOC entry 2656 (class 2606 OID 73382)
-- Name: rtbeli_pk; Type: CONSTRAINT; Schema: public; Owner: postgres; Tablespace: 
--

ALTER TABLE ONLY pen_retbeli
    ADD CONSTRAINT rtbeli_pk PRIMARY KEY (rtbid);


--
-- TOC entry 2658 (class 2606 OID 73393)
-- Name: rtjid_pk; Type: CONSTRAINT; Schema: public; Owner: postgres; Tablespace: 
--

ALTER TABLE ONLY pen_retjual
    ADD CONSTRAINT rtjid_pk PRIMARY KEY (rtjid);


--
-- TOC entry 2644 (class 2606 OID 73319)
-- Name: seg_pk; Type: CONSTRAINT; Schema: public; Owner: postgres; Tablespace: 
--

ALTER TABLE ONLY ms_segment
    ADD CONSTRAINT seg_pk PRIMARY KEY (segid);


--
-- TOC entry 2640 (class 2606 OID 73309)
-- Name: sld_pk; Type: CONSTRAINT; Schema: public; Owner: postgres; Tablespace: 
--

ALTER TABLE ONLY ksr_saldo
    ADD CONSTRAINT sld_pk PRIMARY KEY (sldid);


--
-- TOC entry 2598 (class 2606 OID 73880)
-- Name: spesial_pk; Type: CONSTRAINT; Schema: public; Owner: postgres; Tablespace: 
--

ALTER TABLE ONLY spa_spesial
    ADD CONSTRAINT spesial_pk PRIMARY KEY (speid);


--
-- TOC entry 2672 (class 2606 OID 73467)
-- Name: spf_pk; Type: CONSTRAINT; Schema: public; Owner: postgres; Tablespace: 
--

ALTER TABLE ONLY pen_spk_followup
    ADD CONSTRAINT spf_pk PRIMARY KEY (spfid);


--
-- TOC entry 2626 (class 2606 OID 73238)
-- Name: spk_pk; Type: CONSTRAINT; Schema: public; Owner: postgres; Tablespace: 
--

ALTER TABLE ONLY pen_spk
    ADD CONSTRAINT spk_pk PRIMARY KEY (spkid);


--
-- TOC entry 2582 (class 2606 OID 72984)
-- Name: stallid_pk; Type: CONSTRAINT; Schema: public; Owner: postgres; Tablespace: 
--

ALTER TABLE ONLY svc_stall
    ADD CONSTRAINT stallid_pk PRIMARY KEY (stallid);


--
-- TOC entry 2618 (class 2606 OID 73185)
-- Name: sumber_informasi_pk; Type: CONSTRAINT; Schema: public; Owner: postgres; Tablespace: 
--

ALTER TABLE ONLY pros_sumber_info
    ADD CONSTRAINT sumber_informasi_pk PRIMARY KEY (infoid);


--
-- TOC entry 2557 (class 2606 OID 72818)
-- Name: supplier_pk; Type: CONSTRAINT; Schema: public; Owner: postgres; Tablespace: 
--

ALTER TABLE ONLY ms_supplier
    ADD CONSTRAINT supplier_pk PRIMARY KEY (supid);


--
-- TOC entry 2594 (class 2606 OID 73064)
-- Name: supply_pk; Type: CONSTRAINT; Schema: public; Owner: postgres; Tablespace: 
--

ALTER TABLE ONLY spa_supply
    ADD CONSTRAINT supply_pk PRIMARY KEY (sppid);


--
-- TOC entry 2600 (class 2606 OID 73097)
-- Name: trbr_pk; Type: CONSTRAINT; Schema: public; Owner: postgres; Tablespace: 
--

ALTER TABLE ONLY spa_trbr
    ADD CONSTRAINT trbr_pk PRIMARY KEY (trbrid);


--
-- TOC entry 2602 (class 2606 OID 74490)
-- Name: trbr_unik; Type: CONSTRAINT; Schema: public; Owner: postgres; Tablespace: 
--

ALTER TABLE ONLY spa_trbr
    ADD CONSTRAINT trbr_unik UNIQUE (trbr_faktur, trbr_cbid);


--
-- TOC entry 2636 (class 2606 OID 73287)
-- Name: trl_pk; Type: CONSTRAINT; Schema: public; Owner: postgres; Tablespace: 
--

ALTER TABLE ONLY ksr_ledger
    ADD CONSTRAINT trl_pk PRIMARY KEY (trlid);


--
-- TOC entry 2660 (class 2606 OID 73404)
-- Name: vspk_pk; Type: CONSTRAINT; Schema: public; Owner: postgres; Tablespace: 
--

ALTER TABLE ONLY pen_spk_validasi
    ADD CONSTRAINT vspk_pk PRIMARY KEY (vspkid);


--
-- TOC entry 2573 (class 2606 OID 73811)
-- Name: warnaid_pk; Type: CONSTRAINT; Schema: public; Owner: postgres; Tablespace: 
--

ALTER TABLE ONLY ms_warna
    ADD CONSTRAINT warnaid_pk PRIMARY KEY (warnaid);


--
-- TOC entry 2569 (class 2606 OID 72933)
-- Name: wo_pk; Type: CONSTRAINT; Schema: public; Owner: postgres; Tablespace: 
--

ALTER TABLE ONLY svc_wo
    ADD CONSTRAINT wo_pk PRIMARY KEY (woid);


--
-- TOC entry 2571 (class 2606 OID 74088)
-- Name: woj_pk; Type: CONSTRAINT; Schema: public; Owner: postgres; Tablespace: 
--

ALTER TABLE ONLY svc_wo_jenis
    ADD CONSTRAINT woj_pk PRIMARY KEY (wojid);


--
-- TOC entry 2677 (class 1259 OID 73857)
-- Name: fki_absensi_fk; Type: INDEX; Schema: public; Owner: postgres; Tablespace: 
--

CREATE INDEX fki_absensi_fk ON svc_absensi USING btree (abs_krid);


--
-- TOC entry 2689 (class 1259 OID 74486)
-- Name: fki_adjusment_cabang_fk; Type: INDEX; Schema: public; Owner: postgres; Tablespace: 
--

CREATE INDEX fki_adjusment_cabang_fk ON spa_adjustment USING btree (adj_cbid);


--
-- TOC entry 2690 (class 1259 OID 74474)
-- Name: fki_dadj_adjustment_fk; Type: INDEX; Schema: public; Owner: postgres; Tablespace: 
--

CREATE INDEX fki_dadj_adjustment_fk ON spa_adjustment_det USING btree (dadj_adjid);


--
-- TOC entry 2691 (class 1259 OID 74480)
-- Name: fki_dadjustment_inventory_fk; Type: INDEX; Schema: public; Owner: postgres; Tablespace: 
--

CREATE INDEX fki_dadjustment_inventory_fk ON spa_adjustment_det USING btree (dadj_inveid);


--
-- TOC entry 2605 (class 1259 OID 74550)
-- Name: fki_retur_jual_fk; Type: INDEX; Schema: public; Owner: postgres; Tablespace: 
--

CREATE INDEX fki_retur_jual_fk ON spa_retjual USING btree (rj_notid);


--
-- TOC entry 2612 (class 1259 OID 74346)
-- Name: fki_svc_invoice_detail_jasa_fk; Type: INDEX; Schema: public; Owner: postgres; Tablespace: 
--

CREATE INDEX fki_svc_invoice_detail_jasa_fk ON svc_invoice_det USING btree (dinv_flatid);


--
-- TOC entry 2680 (class 1259 OID 74137)
-- Name: fki_wo_jasa_fk; Type: INDEX; Schema: public; Owner: postgres; Tablespace: 
--

CREATE INDEX fki_wo_jasa_fk ON svc_wo_jasa USING btree (woj_woid);


--
-- TOC entry 2681 (class 1259 OID 74150)
-- Name: fki_wo_part_fk; Type: INDEX; Schema: public; Owner: postgres; Tablespace: 
--

CREATE INDEX fki_wo_part_fk ON svc_wo_part USING btree (wop_woid);


--
-- TOC entry 2682 (class 1259 OID 74179)
-- Name: fki_wo_part_fk_; Type: INDEX; Schema: public; Owner: postgres; Tablespace: 
--

CREATE INDEX fki_wo_part_fk_ ON svc_wo_part USING btree (wop_woid);


--
-- TOC entry 2683 (class 1259 OID 74168)
-- Name: fki_wo_so_fk; Type: INDEX; Schema: public; Owner: postgres; Tablespace: 
--

CREATE INDEX fki_wo_so_fk ON svc_wo_suborder USING btree (wos_woid);


--
-- TOC entry 2684 (class 1259 OID 74162)
-- Name: fki_wo_suborder_fk; Type: INDEX; Schema: public; Owner: postgres; Tablespace: 
--

CREATE INDEX fki_wo_suborder_fk ON svc_wo_suborder USING btree (wos_woid);


--
-- TOC entry 2578 (class 1259 OID 72973)
-- Name: flate_rate_index; Type: INDEX; Schema: public; Owner: postgres; Tablespace: 
--

CREATE INDEX flate_rate_index ON svc_frate USING btree (flat_kode);


--
-- TOC entry 2560 (class 1259 OID 72867)
-- Name: msc_nopol_index; Type: INDEX; Schema: public; Owner: postgres; Tablespace: 
--

CREATE INDEX msc_nopol_index ON ms_car USING btree (msc_nopol);


--
-- TOC entry 2561 (class 1259 OID 72868)
-- Name: norangka_idx; Type: INDEX; Schema: public; Owner: postgres; Tablespace: 
--

CREATE INDEX norangka_idx ON ms_car USING btree (msc_norangka);


--
-- TOC entry 2543 (class 1259 OID 72773)
-- Name: pelanggan_nama_index; Type: INDEX; Schema: public; Owner: postgres; Tablespace: 
--

CREATE INDEX pelanggan_nama_index ON ms_pelanggan USING btree (pel_nama);


--
-- TOC entry 2754 (class 2620 OID 74499)
-- Name: adjustment_stock; Type: TRIGGER; Schema: public; Owner: postgres
--

CREATE TRIGGER adjustment_stock BEFORE INSERT ON spa_adjustment_det FOR EACH ROW EXECUTE PROCEDURE adjustment_stock();


--
-- TOC entry 2753 (class 2620 OID 73995)
-- Name: kartu_stock_retur_beli; Type: TRIGGER; Schema: public; Owner: postgres
--

CREATE TRIGGER kartu_stock_retur_beli BEFORE INSERT ON spa_retbeli_det FOR EACH ROW EXECUTE PROCEDURE kartu_stok_retur_beli();


--
-- TOC entry 2752 (class 2620 OID 74451)
-- Name: kartu_stock_retur_jual; Type: TRIGGER; Schema: public; Owner: postgres
--

CREATE TRIGGER kartu_stock_retur_jual BEFORE INSERT ON spa_retjual_det FOR EACH ROW EXECUTE PROCEDURE kartu_stok_retur_jual();


--
-- TOC entry 2751 (class 2620 OID 73989)
-- Name: kartu_stock_trbr; Type: TRIGGER; Schema: public; Owner: postgres
--

CREATE TRIGGER kartu_stock_trbr BEFORE INSERT ON spa_trbr_det FOR EACH ROW EXECUTE PROCEDURE kartu_stok_trbr();


--
-- TOC entry 2750 (class 2620 OID 74014)
-- Name: kartu_stock_trbr; Type: TRIGGER; Schema: public; Owner: postgres
--

CREATE TRIGGER kartu_stock_trbr BEFORE INSERT ON spa_supply_det FOR EACH ROW EXECUTE PROCEDURE kartu_stok_supply();


--
-- TOC entry 2743 (class 2606 OID 73864)
-- Name: absensi_fk; Type: FK CONSTRAINT; Schema: public; Owner: postgres
--

ALTER TABLE ONLY svc_absensi
    ADD CONSTRAINT absensi_fk FOREIGN KEY (abs_krid) REFERENCES ms_karyawan(krid) ON UPDATE CASCADE ON DELETE CASCADE;


--
-- TOC entry 2747 (class 2606 OID 74481)
-- Name: adjusment_cabang_fk; Type: FK CONSTRAINT; Schema: public; Owner: postgres
--

ALTER TABLE ONLY spa_adjustment
    ADD CONSTRAINT adjusment_cabang_fk FOREIGN KEY (adj_cbid) REFERENCES ms_cabang(cbid) ON UPDATE CASCADE ON DELETE CASCADE;


--
-- TOC entry 2724 (class 2606 OID 73641)
-- Name: agenda_propekid_fk; Type: FK CONSTRAINT; Schema: public; Owner: postgres
--

ALTER TABLE ONLY pros_agenda
    ADD CONSTRAINT agenda_propekid_fk FOREIGN KEY (agen_prosid) REFERENCES pros_data(prosid) MATCH FULL ON UPDATE CASCADE ON DELETE CASCADE;


--
-- TOC entry 2740 (class 2606 OID 73721)
-- Name: atr_fk_spk; Type: FK CONSTRAINT; Schema: public; Owner: postgres
--

ALTER TABLE ONLY pen_spk_atribut
    ADD CONSTRAINT atr_fk_spk FOREIGN KEY (atr_spkid) REFERENCES pen_spk(spkid) MATCH FULL ON UPDATE CASCADE ON DELETE CASCADE;


--
-- TOC entry 2692 (class 2606 OID 74391)
-- Name: cabang_foreign_key; Type: FK CONSTRAINT; Schema: public; Owner: postgres
--

ALTER TABLE ONLY ms_cabang
    ADD CONSTRAINT cabang_foreign_key FOREIGN KEY (cb_compid) REFERENCES ms_company(compid) MATCH FULL;


--
-- TOC entry 2706 (class 2606 OID 73546)
-- Name: car_type_fk; Type: FK CONSTRAINT; Schema: public; Owner: postgres
--

ALTER TABLE ONLY ms_car_type
    ADD CONSTRAINT car_type_fk FOREIGN KEY (cty_modelid) REFERENCES ms_car_model(modelid) MATCH FULL ON UPDATE CASCADE;


--
-- TOC entry 2732 (class 2606 OID 73681)
-- Name: cek_fk_spk; Type: FK CONSTRAINT; Schema: public; Owner: postgres
--

ALTER TABLE ONLY pen_ceklist
    ADD CONSTRAINT cek_fk_spk FOREIGN KEY (pec_spkid) REFERENCES pen_spk(spkid) MATCH FULL ON UPDATE CASCADE ON DELETE CASCADE;


--
-- TOC entry 2710 (class 2606 OID 74185)
-- Name: clock_detail_fk; Type: FK CONSTRAINT; Schema: public; Owner: postgres
--

ALTER TABLE ONLY svc_clock_det
    ADD CONSTRAINT clock_detail_fk FOREIGN KEY (det_cloid) REFERENCES svc_clock(cloid) MATCH FULL ON UPDATE CASCADE ON DELETE CASCADE;


--
-- TOC entry 2709 (class 2606 OID 74230)
-- Name: clock_fk; Type: FK CONSTRAINT; Schema: public; Owner: postgres
--

ALTER TABLE ONLY svc_clock
    ADD CONSTRAINT clock_fk FOREIGN KEY (clo_woid) REFERENCES svc_wo(woid) MATCH FULL ON UPDATE CASCADE ON DELETE CASCADE;


--
-- TOC entry 2748 (class 2606 OID 74469)
-- Name: dadj_adjustment_fk; Type: FK CONSTRAINT; Schema: public; Owner: postgres
--

ALTER TABLE ONLY spa_adjustment_det
    ADD CONSTRAINT dadj_adjustment_fk FOREIGN KEY (dadj_adjid) REFERENCES spa_adjustment(adjid) ON UPDATE CASCADE ON DELETE CASCADE;


--
-- TOC entry 2749 (class 2606 OID 74475)
-- Name: dadjustment_inventory_fk; Type: FK CONSTRAINT; Schema: public; Owner: postgres
--

ALTER TABLE ONLY spa_adjustment_det
    ADD CONSTRAINT dadjustment_inventory_fk FOREIGN KEY (dadj_inveid) REFERENCES spa_inventory(inveid) ON UPDATE CASCADE ON DELETE CASCADE;


--
-- TOC entry 2713 (class 2606 OID 73974)
-- Name: detail_trbr_fk; Type: FK CONSTRAINT; Schema: public; Owner: postgres
--

ALTER TABLE ONLY spa_trbr_det
    ADD CONSTRAINT detail_trbr_fk FOREIGN KEY (dtr_trbrid) REFERENCES spa_trbr(trbrid) MATCH FULL ON UPDATE CASCADE ON DELETE CASCADE;


--
-- TOC entry 2729 (class 2606 OID 73666)
-- Name: dkst_fk_kst; Type: FK CONSTRAINT; Schema: public; Owner: postgres
--

ALTER TABLE ONLY ksr_dtrans
    ADD CONSTRAINT dkst_fk_kst FOREIGN KEY (dkst_kstid) REFERENCES ksr_trans(kstid) MATCH FULL ON UPDATE CASCADE ON DELETE CASCADE;


--
-- TOC entry 2730 (class 2606 OID 73671)
-- Name: faktur_paymen_fk; Type: FK CONSTRAINT; Schema: public; Owner: postgres
--

ALTER TABLE ONLY pen_faktur_payment
    ADD CONSTRAINT faktur_paymen_fk FOREIGN KEY (byr_fkpid) REFERENCES pen_faktur(fkpid) MATCH FULL ON UPDATE CASCADE ON DELETE CASCADE;


--
-- TOC entry 2739 (class 2606 OID 73716)
-- Name: fat_fk_aksesories; Type: FK CONSTRAINT; Schema: public; Owner: postgres
--

ALTER TABLE ONLY pen_fat
    ADD CONSTRAINT fat_fk_aksesories FOREIGN KEY (fat_aksid) REFERENCES ms_aksesories(aksid) MATCH FULL ON UPDATE CASCADE;


--
-- TOC entry 2738 (class 2606 OID 73711)
-- Name: fat_fk_fpt; Type: FK CONSTRAINT; Schema: public; Owner: postgres
--

ALTER TABLE ONLY pen_fat
    ADD CONSTRAINT fat_fk_fpt FOREIGN KEY (fat_fptid) REFERENCES pen_fpt(fptid) MATCH FULL ON UPDATE CASCADE ON DELETE CASCADE;


--
-- TOC entry 2742 (class 2606 OID 73731)
-- Name: fkp_fk_spkid; Type: FK CONSTRAINT; Schema: public; Owner: postgres
--

ALTER TABLE ONLY pen_faktur
    ADD CONSTRAINT fkp_fk_spkid FOREIGN KEY (fkp_spkid) REFERENCES pen_spk(spkid) MATCH FULL ON UPDATE CASCADE ON DELETE CASCADE;


--
-- TOC entry 2725 (class 2606 OID 73646)
-- Name: followup_agenda_fk; Type: FK CONSTRAINT; Schema: public; Owner: postgres
--

ALTER TABLE ONLY pros_follow
    ADD CONSTRAINT followup_agenda_fk FOREIGN KEY (follow_agenid) REFERENCES pros_agenda(agenid) MATCH FULL ON UPDATE CASCADE ON DELETE CASCADE;


--
-- TOC entry 2737 (class 2606 OID 73706)
-- Name: fpk_fk_spkid; Type: FK CONSTRAINT; Schema: public; Owner: postgres
--

ALTER TABLE ONLY pen_fpk
    ADD CONSTRAINT fpk_fk_spkid FOREIGN KEY (fpk_spkid) REFERENCES pen_spk(spkid) MATCH FULL ON UPDATE CASCADE;


--
-- TOC entry 2726 (class 2606 OID 73651)
-- Name: fpt_prospek_fk; Type: FK CONSTRAINT; Schema: public; Owner: postgres
--

ALTER TABLE ONLY pen_fpt
    ADD CONSTRAINT fpt_prospek_fk FOREIGN KEY (fpt_prosid) REFERENCES pros_data(prosid) MATCH FULL ON UPDATE CASCADE ON DELETE CASCADE;


--
-- TOC entry 2701 (class 2606 OID 73521)
-- Name: group_cabang_cbid_fk; Type: FK CONSTRAINT; Schema: public; Owner: postgres
--

ALTER TABLE ONLY ms_group_cabang
    ADD CONSTRAINT group_cabang_cbid_fk FOREIGN KEY (group_cbid) REFERENCES ms_cabang(cbid) MATCH FULL ON UPDATE CASCADE ON DELETE CASCADE;


--
-- TOC entry 2702 (class 2606 OID 73526)
-- Name: group_cabang_krid_fk; Type: FK CONSTRAINT; Schema: public; Owner: postgres
--

ALTER TABLE ONLY ms_group_cabang
    ADD CONSTRAINT group_cabang_krid_fk FOREIGN KEY (group_krid) REFERENCES ms_karyawan(krid) MATCH FULL ON UPDATE CASCADE ON DELETE CASCADE;


--
-- TOC entry 2720 (class 2606 OID 74347)
-- Name: invoice_detail_fk; Type: FK CONSTRAINT; Schema: public; Owner: postgres
--

ALTER TABLE ONLY svc_invoice_det
    ADD CONSTRAINT invoice_detail_fk FOREIGN KEY (dinv_invid) REFERENCES svc_invoice(invid) MATCH FULL ON UPDATE CASCADE ON DELETE CASCADE;


--
-- TOC entry 2719 (class 2606 OID 74520)
-- Name: invoice_wo_fk; Type: FK CONSTRAINT; Schema: public; Owner: postgres
--

ALTER TABLE ONLY svc_invoice
    ADD CONSTRAINT invoice_wo_fk FOREIGN KEY (inv_woid) REFERENCES svc_wo(woid) MATCH FULL ON UPDATE CASCADE;


--
-- TOC entry 2700 (class 2606 OID 73762)
-- Name: jabatan_fk; Type: FK CONSTRAINT; Schema: public; Owner: postgres
--

ALTER TABLE ONLY ms_jabatan
    ADD CONSTRAINT jabatan_fk FOREIGN KEY (jab_deptid) REFERENCES ms_departemen(deptid) MATCH FULL ON UPDATE CASCADE;


--
-- TOC entry 2699 (class 2606 OID 73511)
-- Name: kota_fk; Type: FK CONSTRAINT; Schema: public; Owner: postgres
--

ALTER TABLE ONLY ms_kota
    ADD CONSTRAINT kota_fk FOREIGN KEY (kota_propid) REFERENCES ms_propinsi(propid) MATCH FULL ON UPDATE CASCADE ON DELETE CASCADE;


--
-- TOC entry 2705 (class 2606 OID 73541)
-- Name: model_merk_fk; Type: FK CONSTRAINT; Schema: public; Owner: postgres
--

ALTER TABLE ONLY ms_car_model
    ADD CONSTRAINT model_merk_fk FOREIGN KEY (model_merkid) REFERENCES ms_car_merk(merkid) MATCH FULL ON UPDATE CASCADE;


--
-- TOC entry 2704 (class 2606 OID 73536)
-- Name: mscars_type_fk; Type: FK CONSTRAINT; Schema: public; Owner: postgres
--

ALTER TABLE ONLY ms_car
    ADD CONSTRAINT mscars_type_fk FOREIGN KEY (msc_ctyid) REFERENCES ms_car_type(ctyid) MATCH FULL ON UPDATE CASCADE;


--
-- TOC entry 2714 (class 2606 OID 74402)
-- Name: not_fk; Type: FK CONSTRAINT; Schema: public; Owner: postgres
--

ALTER TABLE ONLY spa_nota
    ADD CONSTRAINT not_fk FOREIGN KEY (not_sppid) REFERENCES spa_supply(sppid) MATCH FULL ON UPDATE CASCADE ON DELETE CASCADE;


--
-- TOC entry 2697 (class 2606 OID 73800)
-- Name: pelanggan_cabang_fk; Type: FK CONSTRAINT; Schema: public; Owner: postgres
--

ALTER TABLE ONLY ms_pelanggan
    ADD CONSTRAINT pelanggan_cabang_fk FOREIGN KEY (pel_cbid) REFERENCES ms_cabang(cbid) MATCH FULL ON UPDATE CASCADE;


--
-- TOC entry 2698 (class 2606 OID 73805)
-- Name: pelanggan_kota_fk; Type: FK CONSTRAINT; Schema: public; Owner: postgres
--

ALTER TABLE ONLY ms_pelanggan
    ADD CONSTRAINT pelanggan_kota_fk FOREIGN KEY (pel_kotaid) REFERENCES ms_kota(kotaid) MATCH FULL ON UPDATE CASCADE;


--
-- TOC entry 2723 (class 2606 OID 73636)
-- Name: prospek_car_fk; Type: FK CONSTRAINT; Schema: public; Owner: postgres
--

ALTER TABLE ONLY pros_data_car
    ADD CONSTRAINT prospek_car_fk FOREIGN KEY (car_prosid) REFERENCES pros_data(prosid) MATCH FULL ON UPDATE CASCADE ON DELETE CASCADE;


--
-- TOC entry 2722 (class 2606 OID 73631)
-- Name: prospek_pelanggan_fk; Type: FK CONSTRAINT; Schema: public; Owner: postgres
--

ALTER TABLE ONLY pros_data
    ADD CONSTRAINT prospek_pelanggan_fk FOREIGN KEY (pros_pelid) REFERENCES ms_pelanggan(pelid) MATCH FULL ON UPDATE CASCADE ON DELETE CASCADE;


--
-- TOC entry 2711 (class 2606 OID 73576)
-- Name: rak_fk; Type: FK CONSTRAINT; Schema: public; Owner: postgres
--

ALTER TABLE ONLY spa_rak
    ADD CONSTRAINT rak_fk FOREIGN KEY (rak_gdgid) REFERENCES spa_gudang(gdgid) MATCH FULL ON UPDATE CASCADE;


--
-- TOC entry 2718 (class 2606 OID 73963)
-- Name: retur_beli_detail_fk; Type: FK CONSTRAINT; Schema: public; Owner: postgres
--

ALTER TABLE ONLY spa_retbeli_det
    ADD CONSTRAINT retur_beli_detail_fk FOREIGN KEY (detb_rbid) REFERENCES spa_retbeli(rbid) MATCH FULL ON UPDATE CASCADE ON DELETE CASCADE;


--
-- TOC entry 2717 (class 2606 OID 73949)
-- Name: retur_beli_fki; Type: FK CONSTRAINT; Schema: public; Owner: postgres
--

ALTER TABLE ONLY spa_retbeli
    ADD CONSTRAINT retur_beli_fki FOREIGN KEY (rb_trbrid) REFERENCES spa_trbr(trbrid) MATCH FULL ON UPDATE CASCADE ON DELETE CASCADE;


--
-- TOC entry 2716 (class 2606 OID 74442)
-- Name: retur_jual_detail_fk; Type: FK CONSTRAINT; Schema: public; Owner: postgres
--

ALTER TABLE ONLY spa_retjual_det
    ADD CONSTRAINT retur_jual_detail_fk FOREIGN KEY (det_rjid) REFERENCES spa_retjual(rjid) MATCH FULL ON UPDATE CASCADE ON DELETE CASCADE;


--
-- TOC entry 2715 (class 2606 OID 74545)
-- Name: retur_jual_fk; Type: FK CONSTRAINT; Schema: public; Owner: postgres
--

ALTER TABLE ONLY spa_retjual
    ADD CONSTRAINT retur_jual_fk FOREIGN KEY (rj_notid) REFERENCES spa_nota(notid) ON UPDATE CASCADE ON DELETE CASCADE;


--
-- TOC entry 2734 (class 2606 OID 73691)
-- Name: retur_jual_unit_fk; Type: FK CONSTRAINT; Schema: public; Owner: postgres
--

ALTER TABLE ONLY pen_retjual
    ADD CONSTRAINT retur_jual_unit_fk FOREIGN KEY (rtj_fkpid) REFERENCES pen_faktur(fkpid) MATCH FULL ON UPDATE CASCADE ON DELETE CASCADE;


--
-- TOC entry 2694 (class 2606 OID 73486)
-- Name: role_detail_menu_fk; Type: FK CONSTRAINT; Schema: public; Owner: postgres
--

ALTER TABLE ONLY ms_role_det
    ADD CONSTRAINT role_detail_menu_fk FOREIGN KEY (roledet_menuid) REFERENCES ms_menu(menuid) MATCH FULL ON UPDATE CASCADE ON DELETE CASCADE;


--
-- TOC entry 2693 (class 2606 OID 73481)
-- Name: role_detail_pk; Type: FK CONSTRAINT; Schema: public; Owner: postgres
--

ALTER TABLE ONLY ms_role_det
    ADD CONSTRAINT role_detail_pk FOREIGN KEY (roledet_roleid) REFERENCES ms_role(roleid) MATCH FULL ON UPDATE CASCADE ON DELETE CASCADE;


--
-- TOC entry 2733 (class 2606 OID 73686)
-- Name: rtb_fk_bpk; Type: FK CONSTRAINT; Schema: public; Owner: postgres
--

ALTER TABLE ONLY pen_retbeli
    ADD CONSTRAINT rtb_fk_bpk FOREIGN KEY (rtb_bpkid) REFERENCES pen_bpk(bpkid) MATCH FULL;


--
-- TOC entry 2741 (class 2606 OID 73726)
-- Name: spf_fk_spk; Type: FK CONSTRAINT; Schema: public; Owner: postgres
--

ALTER TABLE ONLY pen_spk_followup
    ADD CONSTRAINT spf_fk_spk FOREIGN KEY (spf_spkid) REFERENCES pen_spk(spkid) MATCH FULL ON UPDATE CASCADE ON DELETE CASCADE;


--
-- TOC entry 2736 (class 2606 OID 73701)
-- Name: spk_do_fk; Type: FK CONSTRAINT; Schema: public; Owner: postgres
--

ALTER TABLE ONLY pen_do
    ADD CONSTRAINT spk_do_fk FOREIGN KEY (do_fkpid) REFERENCES pen_faktur(fkpid) MATCH FULL ON UPDATE CASCADE ON DELETE CASCADE;


--
-- TOC entry 2727 (class 2606 OID 73656)
-- Name: spk_fk_bpk; Type: FK CONSTRAINT; Schema: public; Owner: postgres
--

ALTER TABLE ONLY pen_spk
    ADD CONSTRAINT spk_fk_bpk FOREIGN KEY (spk_bpkid) REFERENCES pen_bpk(bpkid) MATCH FULL ON UPDATE CASCADE;


--
-- TOC entry 2728 (class 2606 OID 73661)
-- Name: spk_fk_fpt; Type: FK CONSTRAINT; Schema: public; Owner: postgres
--

ALTER TABLE ONLY pen_spk
    ADD CONSTRAINT spk_fk_fpt FOREIGN KEY (spk_fptid) REFERENCES pen_fpt(fptid) MATCH FULL ON UPDATE CASCADE;


--
-- TOC entry 2731 (class 2606 OID 73676)
-- Name: spk_mscid; Type: FK CONSTRAINT; Schema: public; Owner: postgres
--

ALTER TABLE ONLY pen_bpk
    ADD CONSTRAINT spk_mscid FOREIGN KEY (bpk_mscid) REFERENCES ms_car(mscid) MATCH FULL ON UPDATE CASCADE;


--
-- TOC entry 2703 (class 2606 OID 73823)
-- Name: sup_kota_fk; Type: FK CONSTRAINT; Schema: public; Owner: postgres
--

ALTER TABLE ONLY ms_supplier
    ADD CONSTRAINT sup_kota_fk FOREIGN KEY (sup_kotaid) REFERENCES ms_kota(kotaid) MATCH FULL ON UPDATE CASCADE;


--
-- TOC entry 2712 (class 2606 OID 74427)
-- Name: supply_detail_fk; Type: FK CONSTRAINT; Schema: public; Owner: postgres
--

ALTER TABLE ONLY spa_supply_det
    ADD CONSTRAINT supply_detail_fk FOREIGN KEY (dsupp_sppid) REFERENCES spa_supply(sppid) MATCH FULL ON UPDATE CASCADE ON DELETE CASCADE;


--
-- TOC entry 2721 (class 2606 OID 74352)
-- Name: svc_invoice_detail_jasa_fk; Type: FK CONSTRAINT; Schema: public; Owner: postgres
--

ALTER TABLE ONLY svc_invoice_det
    ADD CONSTRAINT svc_invoice_detail_jasa_fk FOREIGN KEY (dinv_flatid) REFERENCES svc_frate(flatid);


--
-- TOC entry 2696 (class 2606 OID 73496)
-- Name: user_role_krid_fk; Type: FK CONSTRAINT; Schema: public; Owner: postgres
--

ALTER TABLE ONLY ms_user_role
    ADD CONSTRAINT user_role_krid_fk FOREIGN KEY (userro_krid) REFERENCES ms_karyawan(krid) MATCH FULL ON UPDATE CASCADE ON DELETE CASCADE;


--
-- TOC entry 2695 (class 2606 OID 73491)
-- Name: user_role_roleid_fk; Type: FK CONSTRAINT; Schema: public; Owner: postgres
--

ALTER TABLE ONLY ms_user_role
    ADD CONSTRAINT user_role_roleid_fk FOREIGN KEY (userro_roleid) REFERENCES ms_role(roleid) MATCH FULL ON UPDATE CASCADE ON DELETE CASCADE;


--
-- TOC entry 2735 (class 2606 OID 73696)
-- Name: vspk_fk_spk; Type: FK CONSTRAINT; Schema: public; Owner: postgres
--

ALTER TABLE ONLY pen_spk_validasi
    ADD CONSTRAINT vspk_fk_spk FOREIGN KEY (vspk_spkid) REFERENCES pen_spk(spkid) MATCH FULL ON UPDATE CASCADE;


--
-- TOC entry 2744 (class 2606 OID 74180)
-- Name: wo_jasa_fk; Type: FK CONSTRAINT; Schema: public; Owner: postgres
--

ALTER TABLE ONLY svc_wo_jasa
    ADD CONSTRAINT wo_jasa_fk FOREIGN KEY (woj_woid) REFERENCES svc_wo(woid) ON UPDATE CASCADE ON DELETE CASCADE;


--
-- TOC entry 2707 (class 2606 OID 74500)
-- Name: wo_mscid_fk; Type: FK CONSTRAINT; Schema: public; Owner: postgres
--

ALTER TABLE ONLY svc_wo
    ADD CONSTRAINT wo_mscid_fk FOREIGN KEY (wo_mscid) REFERENCES ms_car(mscid) MATCH FULL ON UPDATE CASCADE;


--
-- TOC entry 2745 (class 2606 OID 74174)
-- Name: wo_part_fk_; Type: FK CONSTRAINT; Schema: public; Owner: postgres
--

ALTER TABLE ONLY svc_wo_part
    ADD CONSTRAINT wo_part_fk_ FOREIGN KEY (wop_woid) REFERENCES svc_wo(woid) ON UPDATE CASCADE ON DELETE CASCADE;


--
-- TOC entry 2708 (class 2606 OID 74505)
-- Name: wo_pelid_fk; Type: FK CONSTRAINT; Schema: public; Owner: postgres
--

ALTER TABLE ONLY svc_wo
    ADD CONSTRAINT wo_pelid_fk FOREIGN KEY (wo_pelid) REFERENCES ms_pelanggan(pelid) MATCH FULL ON UPDATE CASCADE;


--
-- TOC entry 2746 (class 2606 OID 74163)
-- Name: wo_so_fk; Type: FK CONSTRAINT; Schema: public; Owner: postgres
--

ALTER TABLE ONLY svc_wo_suborder
    ADD CONSTRAINT wo_so_fk FOREIGN KEY (wos_woid) REFERENCES svc_wo(woid) ON UPDATE CASCADE ON DELETE CASCADE;


--
-- TOC entry 2879 (class 0 OID 0)
-- Dependencies: 5
-- Name: public; Type: ACL; Schema: -; Owner: postgres
--

REVOKE ALL ON SCHEMA public FROM PUBLIC;
REVOKE ALL ON SCHEMA public FROM postgres;
GRANT ALL ON SCHEMA public TO postgres;
GRANT ALL ON SCHEMA public TO PUBLIC;


--
-- TOC entry 2881 (class 0 OID 0)
-- Dependencies: 307
-- Name: adjustment_stock(); Type: ACL; Schema: public; Owner: postgres
--

REVOKE ALL ON FUNCTION adjustment_stock() FROM PUBLIC;
REVOKE ALL ON FUNCTION adjustment_stock() FROM postgres;
GRANT ALL ON FUNCTION adjustment_stock() TO postgres;
GRANT ALL ON FUNCTION adjustment_stock() TO PUBLIC;


--
-- TOC entry 2882 (class 0 OID 0)
-- Dependencies: 304
-- Name: kartu_stok_retur_beli(); Type: ACL; Schema: public; Owner: postgres
--

REVOKE ALL ON FUNCTION kartu_stok_retur_beli() FROM PUBLIC;
REVOKE ALL ON FUNCTION kartu_stok_retur_beli() FROM postgres;
GRANT ALL ON FUNCTION kartu_stok_retur_beli() TO postgres;
GRANT ALL ON FUNCTION kartu_stok_retur_beli() TO PUBLIC;


--
-- TOC entry 2883 (class 0 OID 0)
-- Dependencies: 306
-- Name: kartu_stok_retur_jual(); Type: ACL; Schema: public; Owner: postgres
--

REVOKE ALL ON FUNCTION kartu_stok_retur_jual() FROM PUBLIC;
REVOKE ALL ON FUNCTION kartu_stok_retur_jual() FROM postgres;
GRANT ALL ON FUNCTION kartu_stok_retur_jual() TO postgres;
GRANT ALL ON FUNCTION kartu_stok_retur_jual() TO PUBLIC;


--
-- TOC entry 2884 (class 0 OID 0)
-- Dependencies: 305
-- Name: kartu_stok_supply(); Type: ACL; Schema: public; Owner: postgres
--

REVOKE ALL ON FUNCTION kartu_stok_supply() FROM PUBLIC;
REVOKE ALL ON FUNCTION kartu_stok_supply() FROM postgres;
GRANT ALL ON FUNCTION kartu_stok_supply() TO postgres;
GRANT ALL ON FUNCTION kartu_stok_supply() TO PUBLIC;


--
-- TOC entry 2885 (class 0 OID 0)
-- Dependencies: 303
-- Name: kartu_stok_trbr(); Type: ACL; Schema: public; Owner: postgres
--

REVOKE ALL ON FUNCTION kartu_stok_trbr() FROM PUBLIC;
REVOKE ALL ON FUNCTION kartu_stok_trbr() FROM postgres;
GRANT ALL ON FUNCTION kartu_stok_trbr() TO postgres;
GRANT ALL ON FUNCTION kartu_stok_trbr() TO PUBLIC;


-- Completed on 2015-10-06 17:09:29

--
-- PostgreSQL database dump complete
--

